ID,label
11000,2
10999,1
10998,2
10997,1
10996,0
10995,1
10994,2
10993,1
10992,2
10991,1
10990,0
10989,2
10988,1
10987,2
10986,2
10985,2
10984,2
10983,1
10982,2
10981,2
10980,2
10979,1
10978,2
10977,2
10976,2
10975,2
10974,2
10973,2
10972,2
10971,2
10970,2
10969,2
10968,2
10967,1
10966,2
10965,1
10964,1
10963,0
10962,1
10961,2
10960,1
10959,1
10958,2
10957,2
10956,1
10955,2
10954,2
10953,2
10952,2
10951,2
10950,2
10949,2
10948,1
10947,0
10946,2
10945,2
10944,2
10943,0
10942,1
10941,2
10940,1
10939,1
10938,2
10937,2
10936,2
10935,2
10934,2
10933,2
10932,0
10931,0
10930,2
10929,1
10928,2
10927,0
10926,2
10925,1
10924,2
10923,2
10922,2
10921,2
10920,2
10919,2
10918,1
10917,2
10916,0
10915,2
10914,2
10913,2
10912,0
10911,1
10910,1
10909,2
10908,0
10907,0
10906,1
10905,2
10904,2
10903,1
10902,0
10901,1
10900,2
10899,2
10898,2
10897,2
10896,1
10895,1
10894,2
10893,2
10892,0
10891,1
10890,2
10889,1
10888,2
10887,2
10886,2
10885,1
10884,0
10883,1
10882,2
10881,0
10880,1
10879,2
10878,1
10877,2
10876,2
10875,2
10874,2
10873,2
10872,2
10871,2
10870,1
10869,1
10868,1
10867,2
10866,2
10865,2
10864,2
10863,0
10862,1
10861,2
10860,2
10859,2
10858,2
10857,2
10856,0
10855,0
10854,2
10853,1
10852,1
10851,0
10850,2
10849,0
10848,2
10847,2
10846,2
10845,2
10844,2
10843,2
10842,2
10841,2
10840,2
10839,2
10838,1
10837,1
10836,2
10835,2
10834,2
10833,2
10832,2
10831,2
10830,1
10829,2
10828,2
10827,0
10826,2
10825,2
10824,1
10823,2
10822,2
10821,2
10820,1
10819,1
10818,1
10817,2
10816,1
10815,2
10814,2
10813,2
10812,2
10811,2
10810,2
10809,0
10808,2
10807,2
10806,0
10805,1
10804,2
10803,0
10802,2
10801,1
10800,2
10799,2
10798,1
10797,0
10796,1
10795,2
10794,1
10793,2
10792,2
10791,2
10790,2
10789,1
10788,2
10787,1
10786,0
10785,0
10784,1
10783,2
10782,2
10781,0
10780,2
10779,0
10778,1
10777,2
10776,2
10775,2
10774,2
10773,2
10772,2
10771,0
10770,2
10769,2
10768,2
10767,2
10766,2
10765,2
10764,2
10763,1
10762,1
10761,2
10760,2
10759,2
10758,1
10757,1
10756,0
10755,0
10754,1
10753,0
10752,2
10751,2
10750,1
10749,1
10748,0
10747,2
10746,1
10745,0
10744,2
10743,1
10742,2
10741,2
10740,1
10739,2
10738,2
10737,2
10736,2
10735,2
10734,0
10733,2
10732,2
10731,0
10730,1
10729,1
10728,2
10727,1
10726,1
10725,2
10724,2
10723,1
10722,1
10721,1
10720,2
10719,2
10718,2
10717,1
10716,2
10715,2
10714,1
10713,2
10712,1
10711,2
10710,1
10709,2
10708,1
10707,2
10706,2
10705,1
10704,0
10703,1
10702,2
10701,1
10700,2
10699,0
10698,1
10697,0
10696,2
10695,2
10694,1
10693,1
10692,2
10691,0
10690,1
10689,1
10688,2
10687,2
10686,1
10685,1
10684,0
10683,0
10682,1
10681,1
10680,1
10679,1
10678,2
10677,2
10676,0
10675,2
10674,2
10673,2
10672,2
10671,1
10670,0
10669,2
10668,1
10667,2
10666,2
10665,0
10664,0
10663,0
10662,1
10661,2
10660,2
10659,2
10658,2
10657,2
10656,2
10655,2
10654,2
10653,1
10652,2
10651,2
10650,2
10649,2
10648,0
10647,2
10646,2
10645,2
10644,2
10643,2
10642,2
10641,2
10640,1
10639,2
10638,2
10637,1
10636,2
10635,1
10634,2
10633,1
10632,2
10631,2
10630,1
10629,2
10628,2
10627,1
10626,2
10625,2
10624,2
10623,1
10622,2
10621,1
10620,2
10619,1
10618,2
10617,2
10616,1
10615,2
10614,2
10613,1
10612,2
10611,0
10610,1
10609,2
10608,2
10607,2
10606,2
10605,1
10604,2
10603,0
10602,0
10601,2
10600,1
10599,2
10598,1
10597,1
10596,1
10595,2
10594,2
10593,2
10592,2
10591,2
10590,1
10589,0
10588,2
10587,2
10586,2
10585,1
10584,0
10583,1
10582,2
10581,2
10580,2
10579,1
10578,1
10577,2
10576,2
10575,0
10574,2
10573,2
10572,0
10571,2
10570,1
10569,2
10568,2
10567,1
10566,1
10565,0
10564,1
10563,2
10562,2
10561,1
10560,2
10559,2
10558,0
10557,1
10556,2
10555,2
10554,2
10553,1
10552,2
10551,1
10550,2
10549,1
10548,1
10547,1
10546,1
10545,1
10544,2
10543,2
10542,0
10541,2
10540,2
10539,2
10538,1
10537,0
10536,2
10535,2
10534,2
10533,2
10532,2
10531,1
10530,2
10529,1
10528,2
10527,1
10526,2
10525,1
10524,2
10523,2
10522,0
10521,1
10520,2
10519,1
10518,1
10517,0
10516,2
10515,2
10514,2
10513,1
10512,0
10511,1
10510,1
10509,0
10508,1
10507,0
10506,2
10505,2
10504,2
10503,1
10502,2
10501,2
10500,2
10499,0
10498,2
10497,2
10496,0
10495,2
10494,2
10493,2
10492,2
10491,2
10490,1
10489,0
10488,2
10487,1
10486,1
10485,1
10484,2
10483,2
10482,1
10481,2
10480,2
10479,2
10478,1
10477,1
10476,1
10475,2
10474,2
10473,0
10472,1
10471,1
10470,1
10469,1
10468,2
10467,2
10466,2
10465,2
10464,2
10463,1
10462,0
10461,2
10460,1
10459,2
10458,2
10457,2
10456,0
10455,2
10454,0
10453,2
10452,2
10451,0
10450,1
10449,2
10448,2
10447,1
10446,0
10445,2
10444,2
10443,1
10442,1
10441,1
10440,2
10439,2
10438,1
10437,2
10436,2
10435,1
10434,0
10433,2
10432,2
10431,2
10430,2
10429,2
10428,1
10427,2
10426,2
10425,2
10424,2
10423,1
10422,2
10421,2
10420,2
10419,1
10418,1
10417,2
10416,2
10415,2
10414,2
10413,1
10412,1
10411,2
10410,1
10409,2
10408,1
10407,2
10406,2
10405,2
10404,2
10403,2
10402,2
10401,0
10400,1
10399,2
10398,2
10397,2
10396,2
10395,2
10394,1
10393,2
10392,2
10391,1
10390,2
10389,2
10388,2
10387,1
10386,1
10385,1
10384,0
10383,2
10382,1
10381,2
10380,2
10379,0
10378,1
10377,1
10376,2
10375,2
10374,0
10373,2
10372,2
10371,2
10370,0
10369,1
10368,2
10367,1
10366,2
10365,0
10364,2
10363,2
10362,0
10361,1
10360,2
10359,2
10358,1
10357,2
10356,1
10355,2
10354,2
10353,2
10352,1
10351,1
10350,2
10349,2
10348,2
10347,2
10346,2
10345,0
10344,2
10343,2
10342,1
10341,0
10340,2
10339,2
10338,0
10337,2
10336,1
10335,2
10334,2
10333,2
10332,0
10331,0
10330,2
10329,2
10328,2
10327,1
10326,2
10325,2
10324,2
10323,2
10322,1
10321,0
10320,2
10319,2
10318,2
10317,1
10316,2
10315,1
10314,1
10313,2
10312,1
10311,2
10310,1
10309,0
10308,2
10307,1
10306,1
10305,2
10304,2
10303,1
10302,1
10301,2
10300,1
10299,1
10298,0
10297,2
10296,1
10295,1
10294,2
10293,2
10292,2
10291,1
10290,2
10289,1
10288,1
10287,2
10286,1
10285,2
10284,2
10283,1
10282,1
10281,2
10280,2
10279,2
10278,2
10277,1
10276,2
10275,1
10274,2
10273,2
10272,2
10271,1
10270,1
10269,2
10268,1
10267,1
10266,2
10265,2
10264,2
10263,2
10262,1
10261,0
10260,1
10259,2
10258,2
10257,2
10256,2
10255,2
10254,0
10253,2
10252,2
10251,2
10250,1
10249,2
10248,2
10247,1
10246,0
10245,2
10244,2
10243,2
10242,2
10241,1
10240,2
10239,0
10238,0
10237,2
10236,1
10235,2
10234,2
10233,2
10232,2
10231,2
10230,2
10229,1
10228,1
10227,0
10226,2
10225,2
10224,2
10223,2
10222,0
10221,1
10220,1
10219,2
10218,1
10217,0
10216,2
10215,2
10214,1
10213,1
10212,0
10211,2
10210,2
10209,2
10208,2
10207,1
10206,1
10205,2
10204,2
10203,2
10202,2
10201,0
10200,1
10199,0
10198,1
10197,1
10196,0
10195,0
10194,2
10193,2
10192,2
10191,2
10190,2
10189,2
10188,2
10187,2
10186,2
10185,2
10184,0
10183,2
10182,2
10181,0
10180,0
10179,1
10178,1
10177,1
10176,2
10175,2
10174,1
10173,0
10172,0
10171,1
10170,1
10169,1
10168,2
10167,2
10166,2
10165,2
10164,2
10163,2
10162,2
10161,0
10160,2
10159,0
10158,2
10157,2
10156,2
10155,2
10154,1
10153,2
10152,2
10151,1
10150,1
10149,0
10148,1
10147,0
10146,2
10145,0
10144,1
10143,2
10142,2
10141,1
10140,1
10139,2
10138,2
10137,2
10136,2
10135,1
10134,1
10133,1
10132,2
10131,2
10130,1
10129,1
10128,2
10127,1
10126,2
10125,2
10124,2
10123,2
10122,2
10121,2
10120,2
10119,2
10118,1
10117,2
10116,2
10115,2
10114,0
10113,2
10112,2
10111,2
10110,2
10109,2
10108,2
10107,1
10106,0
10105,2
10104,2
10103,2
10102,1
10101,1
10100,2
10099,0
10098,2
10097,2
10096,2
10095,2
10094,1
10093,1
10092,2
10091,1
10090,2
10089,2
10088,1
10087,1
10086,2
10085,2
10084,2
10083,1
10082,2
10081,1
10080,0
10079,2
10078,2
10077,2
10076,2
10075,2
10074,2
10073,2
10072,2
10071,2
10070,2
10069,1
10068,2
10067,2
10066,2
10065,2
10064,2
10063,2
10062,1
10061,1
10060,2
10059,1
10058,0
10057,2
10056,2
10055,2
10054,2
10053,2
10052,2
10051,2
10050,2
10049,1
10048,1
10047,0
10046,1
10045,2
10044,2
10043,0
10042,0
10041,2
10040,2
10039,2
10038,1
10037,2
10036,2
10035,2
10034,2
10033,2
10032,2
10031,2
10030,2
10029,1
10028,1
10027,1
10026,1
10025,2
10024,1
10023,2
10022,2
10021,2
10020,2
10019,2
10018,0
10017,1
10016,1
10015,2
10014,1
10013,0
10012,1
10011,0
10010,2
10009,1
10008,0
10007,0
10006,1
10005,1
10004,2
10003,2
10002,2
10001,0
10000,2
9999,2
9998,0
9997,2
9996,2
9995,2
9994,0
9993,2
9992,1
9991,2
9990,1
9989,2
9988,2
9987,0
9986,2
9985,2
9984,1
9983,2
9982,2
9981,2
9980,1
9979,2
9978,2
9977,2
9976,0
9975,2
9974,2
9973,2
9972,2
9971,2
9970,2
9969,2
9968,2
9967,2
9966,2
9965,2
9964,2
9963,2
9962,2
9961,2
9960,2
9959,2
9958,2
9957,0
9956,1
9955,0
9954,2
9953,2
9952,1
9951,2
9950,2
9949,1
9948,2
9947,2
9946,1
9945,2
9944,0
9943,1
9942,2
9941,2
9940,1
9939,1
9938,2
9937,2
9936,2
9935,2
9934,2
9933,2
9932,2
9931,1
9930,0
9929,1
9928,2
9927,2
9926,2
9925,2
9924,2
9923,2
9922,0
9921,1
9920,0
9919,1
9918,1
9917,2
9916,2
9915,2
9914,1
9913,2
9912,2
9911,2
9910,2
9909,1
9908,2
9907,2
9906,0
9905,2
9904,2
9903,1
9902,2
9901,1
9900,1
9899,2
9898,2
9897,1
9896,2
9895,2
9894,1
9893,2
9892,2
9891,2
9890,2
9889,0
9888,2
9887,1
9886,2
9885,2
9884,2
9883,2
9882,2
9881,1
9880,2
9879,2
9878,2
9877,0
9876,2
9875,1
9874,2
9873,2
9872,1
9871,2
9870,2
9869,1
9868,1
9867,2
9866,2
9865,2
9864,1
9863,1
9862,2
9861,0
9860,2
9859,2
9858,2
9857,2
9856,2
9855,2
9854,2
9853,2
9852,2
9851,2
9850,1
9849,2
9848,2
9847,2
9846,2
9845,1
9844,1
9843,2
9842,1
9841,2
9840,2
9839,1
9838,2
9837,0
9836,0
9835,2
9834,2
9833,2
9832,1
9831,2
9830,1
9829,2
9828,2
9827,1
9826,2
9825,1
9824,2
9823,2
9822,2
9821,2
9820,1
9819,1
9818,2
9817,0
9816,1
9815,2
9814,0
9813,1
9812,0
9811,1
9810,0
9809,2
9808,1
9807,2
9806,2
9805,2
9804,2
9803,0
9802,1
9801,2
9800,2
9799,2
9798,2
9797,2
9796,1
9795,2
9794,2
9793,1
9792,1
9791,1
9790,1
9789,2
9788,2
9787,2
9786,0
9785,1
9784,2
9783,0
9782,2
9781,1
9780,2
9779,2
9778,1
9777,2
9776,0
9775,0
9774,2
9773,2
9772,2
9771,2
9770,2
9769,1
9768,2
9767,2
9766,2
9765,1
9764,2
9763,0
9762,2
9761,1
9760,0
9759,2
9758,2
9757,2
9756,0
9755,2
9754,0
9753,2
9752,2
9751,0
9750,2
9749,2
9748,2
9747,1
9746,2
9745,2
9744,2
9743,0
9742,2
9741,2
9740,0
9739,0
9738,1
9737,2
9736,2
9735,0
9734,2
9733,1
9732,1
9731,2
9730,2
9729,2
9728,1
9727,2
9726,2
9725,2
9724,2
9723,1
9722,2
9721,2
9720,2
9719,1
9718,2
9717,2
9716,2
9715,0
9714,1
9713,1
9712,0
9711,1
9710,2
9709,2
9708,1
9707,1
9706,1
9705,1
9704,1
9703,2
9702,2
9701,2
9700,2
9699,2
9698,2
9697,2
9696,2
9695,2
9694,2
9693,2
9692,2
9691,2
9690,1
9689,0
9688,1
9687,2
9686,0
9685,2
9684,2
9683,2
9682,2
9681,1
9680,2
9679,2
9678,1
9677,2
9676,2
9675,2
9674,2
9673,1
9672,2
9671,2
9670,2
9669,1
9668,0
9667,1
9666,2
9665,1
9664,1
9663,2
9662,2
9661,2
9660,0
9659,2
9658,1
9657,2
9656,2
9655,2
9654,2
9653,1
9652,2
9651,2
9650,1
9649,0
9648,0
9647,0
9646,2
9645,1
9644,2
9643,2
9642,1
9641,2
9640,1
9639,1
9638,2
9637,0
9636,2
9635,2
9634,2
9633,1
9632,0
9631,2
9630,2
9629,2
9628,1
9627,0
9626,0
9625,2
9624,2
9623,1
9622,1
9621,2
9620,0
9619,2
9618,2
9617,1
9616,2
9615,2
9614,2
9613,2
9612,0
9611,2
9610,0
9609,1
9608,1
9607,2
9606,2
9605,2
9604,0
9603,1
9602,1
9601,2
9600,2
9599,1
9598,1
9597,2
9596,2
9595,2
9594,2
9593,2
9592,1
9591,2
9590,2
9589,2
9588,2
9587,0
9586,1
9585,2
9584,2
9583,2
9582,2
9581,2
9580,1
9579,1
9578,1
9577,1
9576,2
9575,2
9574,1
9573,1
9572,2
9571,0
9570,2
9569,1
9568,2
9567,2
9566,1
9565,0
9564,0
9563,2
9562,2
9561,1
9560,2
9559,0
9558,1
9557,2
9556,2
9555,1
9554,2
9553,1
9552,2
9551,2
9550,2
9549,2
9548,2
9547,2
9546,2
9545,2
9544,2
9543,1
9542,2
9541,0
9540,2
9539,2
9538,2
9537,1
9536,2
9535,2
9534,2
9533,2
9532,2
9531,2
9530,2
9529,2
9528,2
9527,2
9526,2
9525,0
9524,1
9523,2
9522,2
9521,0
9520,1
9519,2
9518,1
9517,2
9516,2
9515,2
9514,2
9513,1
9512,0
9511,2
9510,2
9509,1
9508,1
9507,1
9506,2
9505,2
9504,2
9503,2
9502,1
9501,2
9500,2
9499,2
9498,2
9497,2
9496,1
9495,2
9494,2
9493,2
9492,2
9491,0
9490,2
9489,2
9488,1
9487,1
9486,1
9485,1
9484,2
9483,1
9482,0
9481,2
9480,2
9479,0
9478,2
9477,0
9476,2
9475,0
9474,1
9473,2
9472,2
9471,2
9470,2
9469,2
9468,1
9467,2
9466,2
9465,2
9464,1
9463,1
9462,1
9461,2
9460,2
9459,2
9458,2
9457,2
9456,2
9455,0
9454,2
9453,2
9452,2
9451,1
9450,1
9449,1
9448,2
9447,0
9446,2
9445,2
9444,1
9443,2
9442,1
9441,0
9440,1
9439,1
9438,0
9437,1
9436,2
9435,0
9434,2
9433,0
9432,1
9431,1
9430,2
9429,2
9428,2
9427,2
9426,2
9425,2
9424,2
9423,2
9422,0
9421,2
9420,2
9419,2
9418,2
9417,2
9416,2
9415,2
9414,2
9413,2
9412,2
9411,2
9410,1
9409,1
9408,2
9407,1
9406,0
9405,2
9404,1
9403,2
9402,2
9401,1
9400,0
9399,2
9398,0
9397,2
9396,2
9395,1
9394,2
9393,2
9392,1
9391,1
9390,1
9389,1
9388,1
9387,0
9386,2
9385,2
9384,2
9383,1
9382,2
9381,2
9380,1
9379,2
9378,1
9377,2
9376,1
9375,2
9374,0
9373,1
9372,2
9371,2
9370,2
9369,2
9368,0
9367,1
9366,2
9365,1
9364,2
9363,2
9362,1
9361,1
9360,0
9359,0
9358,2
9357,0
9356,1
9355,1
9354,2
9353,1
9352,2
9351,2
9350,0
9349,2
9348,1
9347,1
9346,1
9345,2
9344,2
9343,2
9342,1
9341,2
9340,2
9339,2
9338,2
9337,0
9336,2
9335,2
9334,1
9333,2
9332,2
9331,2
9330,1
9329,0
9328,0
9327,1
9326,2
9325,2
9324,2
9323,2
9322,2
9321,1
9320,2
9319,1
9318,1
9317,1
9316,2
9315,2
9314,2
9313,2
9312,1
9311,2
9310,1
9309,1
9308,2
9307,0
9306,0
9305,2
9304,2
9303,2
9302,1
9301,1
9300,1
9299,2
9298,2
9297,2
9296,2
9295,2
9294,2
9293,2
9292,2
9291,2
9290,1
9289,2
9288,2
9287,0
9286,0
9285,1
9284,1
9283,1
9282,1
9281,1
9280,1
9279,2
9278,2
9277,2
9276,0
9275,2
9274,0
9273,2
9272,1
9271,1
9270,1
9269,2
9268,2
9267,2
9266,0
9265,2
9264,2
9263,2
9262,2
9261,1
9260,1
9259,2
9258,1
9257,1
9256,2
9255,1
9254,1
9253,2
9252,1
9251,1
9250,2
9249,1
9248,2
9247,2
9246,2
9245,1
9244,1
9243,2
9242,2
9241,2
9240,2
9239,0
9238,2
9237,1
9236,0
9235,2
9234,2
9233,2
9232,2
9231,1
9230,0
9229,2
9228,2
9227,1
9226,1
9225,0
9224,1
9223,2
9222,2
9221,1
9220,2
9219,1
9218,2
9217,2
9216,2
9215,2
9214,2
9213,1
9212,2
9211,1
9210,2
9209,2
9208,1
9207,0
9206,2
9205,2
9204,1
9203,1
9202,0
9201,1
9200,0
9199,2
9198,2
9197,1
9196,1
9195,0
9194,0
9193,2
9192,0
9191,2
9190,2
9189,2
9188,2
9187,0
9186,2
9185,2
9184,2
9183,1
9182,2
9181,2
9180,0
9179,2
9178,2
9177,1
9176,0
9175,2
9174,1
9173,2
9172,1
9171,2
9170,1
9169,1
9168,2
9167,2
9166,2
9165,2
9164,2
9163,2
9162,0
9161,2
9160,1
9159,2
9158,2
9157,2
9156,2
9155,2
9154,2
9153,1
9152,1
9151,0
9150,2
9149,1
9148,2
9147,2
9146,1
9145,2
9144,1
9143,1
9142,2
9141,1
9140,2
9139,2
9138,1
9137,0
9136,2
9135,1
9134,1
9133,2
9132,2
9131,2
9130,2
9129,2
9128,2
9127,0
9126,2
9125,2
9124,2
9123,1
9122,2
9121,1
9120,1
9119,2
9118,1
9117,2
9116,2
9115,2
9114,2
9113,1
9112,2
9111,2
9110,1
9109,2
9108,2
9107,2
9106,0
9105,2
9104,1
9103,1
9102,2
9101,2
9100,2
9099,2
9098,0
9097,1
9096,2
9095,0
9094,1
9093,2
9092,0
9091,2
9090,0
9089,2
9088,2
9087,2
9086,2
9085,2
9084,2
9083,2
9082,2
9081,2
9080,2
9079,2
9078,2
9077,2
9076,1
9075,2
9074,2
9073,2
9072,0
9071,1
9070,2
9069,2
9068,0
9067,1
9066,2
9065,0
9064,1
9063,0
9062,2
9061,1
9060,2
9059,0
9058,2
9057,2
9056,1
9055,2
9054,2
9053,1
9052,2
9051,2
9050,1
9049,2
9048,2
9047,2
9046,1
9045,1
9044,2
9043,0
9042,2
9041,1
9040,1
9039,2
9038,2
9037,2
9036,1
9035,2
9034,2
9033,2
9032,2
9031,0
9030,2
9029,1
9028,0
9027,2
9026,0
9025,1
9024,2
9023,2
9022,2
9021,2
9020,2
9019,0
9018,2
9017,2
9016,2
9015,2
9014,1
9013,1
9012,1
9011,2
9010,0
9009,1
9008,1
9007,2
9006,1
9005,1
9004,1
9003,1
9002,1
9001,0
9000,0
8999,1
8998,1
8997,2
8996,0
8995,1
8994,2
8993,2
8992,1
8991,2
8990,2
8989,2
8988,2
8987,0
8986,1
8985,2
8984,2
8983,1
8982,2
8981,2
8980,1
8979,2
8978,2
8977,2
8976,2
8975,2
8974,1
8973,0
8972,2
8971,2
8970,2
8969,2
8968,1
8967,2
8966,2
8965,2
8964,1
8963,1
8962,2
8961,0
8960,2
8959,2
8958,1
8957,2
8956,2
8955,1
8954,2
8953,2
8952,2
8951,0
8950,1
8949,1
8948,2
8947,2
8946,2
8945,2
8944,1
8943,1
8942,2
8941,2
8940,2
8939,2
8938,1
8937,1
8936,2
8935,1
8934,2
8933,0
8932,1
8931,1
8930,0
8929,2
8928,2
8927,2
8926,2
8925,1
8924,0
8923,2
8922,2
8921,2
8920,1
8919,2
8918,1
8917,2
8916,0
8915,2
8914,1
8913,2
8912,2
8911,2
8910,2
8909,2
8908,2
8907,2
8906,2
8905,2
8904,2
8903,2
8902,2
8901,2
8900,0
8899,2
8898,1
8897,1
8896,2
8895,2
8894,2
8893,2
8892,2
8891,2
8890,2
8889,0
8888,2
8887,2
8886,1
8885,2
8884,1
8883,1
8882,0
8881,2
8880,1
8879,2
8878,1
8877,2
8876,1
8875,2
8874,2
8873,2
8872,2
8871,2
8870,2
8869,1
8868,2
8867,2
8866,0
8865,2
8864,2
8863,2
8862,2
8861,2
8860,2
8859,2
8858,2
8857,2
8856,0
8855,2
8854,2
8853,2
8852,1
8851,2
8850,1
8849,2
8848,2
8847,1
8846,0
8845,2
8844,1
8843,2
8842,1
8841,2
8840,1
8839,1
8838,0
8837,2
8836,2
8835,2
8834,2
8833,1
8832,2
8831,2
8830,0
8829,2
8828,1
8827,2
8826,2
8825,1
8824,1
8823,2
8822,1
8821,2
8820,1
8819,2
8818,2
8817,2
8816,2
8815,1
8814,1
8813,1
8812,1
8811,0
8810,0
8809,2
8808,1
8807,2
8806,1
8805,2
8804,1
8803,2
8802,1
8801,2
8800,2
8799,2
8798,2
8797,1
8796,2
8795,1
8794,1
8793,0
8792,1
8791,0
8790,0
8789,0
8788,2
8787,0
8786,1
8785,2
8784,1
8783,1
8782,1
8781,2
8780,0
8779,2
8778,1
8777,1
8776,2
8775,2
8774,2
8773,2
8772,2
8771,1
8770,2
8769,0
8768,0
8767,2
8766,1
8765,2
8764,2
8763,2
8762,2
8761,2
8760,2
8759,1
8758,1
8757,1
8756,1
8755,2
8754,2
8753,0
8752,2
8751,1
8750,2
8749,2
8748,1
8747,2
8746,2
8745,1
8744,2
8743,0
8742,2
8741,1
8740,2
8739,2
8738,0
8737,1
8736,1
8735,2
8734,2
8733,2
8732,1
8731,2
8730,2
8729,2
8728,0
8727,1
8726,2
8725,0
8724,2
8723,2
8722,2
8721,2
8720,0
8719,2
8718,2
8717,2
8716,2
8715,1
8714,2
8713,1
8712,2
8711,1
8710,2
8709,0
8708,2
8707,2
8706,2
8705,1
8704,2
8703,0
8702,0
8701,2
8700,2
8699,2
8698,2
8697,2
8696,1
8695,2
8694,2
8693,2
8692,1
8691,0
8690,2
8689,2
8688,2
8687,2
8686,2
8685,1
8684,1
8683,1
8682,2
8681,1
8680,1
8679,2
8678,1
8677,2
8676,2
8675,2
8674,2
8673,1
8672,2
8671,2
8670,1
8669,2
8668,2
8667,2
8666,2
8665,2
8664,1
8663,0
8662,2
8661,1
8660,0
8659,1
8658,0
8657,2
8656,2
8655,2
8654,0
8653,2
8652,2
8651,1
8650,2
8649,2
8648,2
8647,2
8646,1
8645,1
8644,2
8643,2
8642,2
8641,2
8640,1
8639,2
8638,2
8637,2
8636,1
8635,2
8634,2
8633,2
8632,0
8631,0
8630,2
8629,1
8628,2
8627,0
8626,1
8625,0
8624,2
8623,2
8622,1
8621,2
8620,2
8619,2
8618,0
8617,2
8616,1
8615,0
8614,2
8613,0
8612,1
8611,1
8610,1
8609,2
8608,2
8607,2
8606,2
8605,0
8604,2
8603,1
8602,2
8601,2
8600,2
8599,2
8598,1
8597,2
8596,2
8595,2
8594,2
8593,2
8592,2
8591,0
8590,2
8589,1
8588,2
8587,2
8586,2
8585,2
8584,0
8583,2
8582,2
8581,2
8580,1
8579,1
8578,1
8577,2
8576,2
8575,1
8574,2
8573,2
8572,2
8571,2
8570,2
8569,0
8568,1
8567,2
8566,1
8565,1
8564,1
8563,2
8562,1
8561,1
8560,0
8559,1
8558,0
8557,0
8556,2
8555,2
8554,2
8553,2
8552,2
8551,1
8550,2
8549,1
8548,0
8547,2
8546,2
8545,2
8544,1
8543,1
8542,2
8541,2
8540,2
8539,2
8538,1
8537,2
8536,2
8535,1
8534,1
8533,2
8532,2
8531,1
8530,0
8529,2
8528,2
8527,1
8526,0
8525,2
8524,2
8523,2
8522,1
8521,2
8520,2
8519,2
8518,1
8517,1
8516,0
8515,0
8514,2
8513,2
8512,2
8511,2
8510,2
8509,0
8508,1
8507,2
8506,2
8505,2
8504,2
8503,2
8502,1
8501,2
8500,2
8499,2
8498,2
8497,1
8496,2
8495,2
8494,1
8493,2
8492,1
8491,2
8490,0
8489,2
8488,2
8487,2
8486,1
8485,1
8484,0
8483,2
8482,1
8481,2
8480,2
8479,2
8478,2
8477,2
8476,2
8475,1
8474,1
8473,1
8472,2
8471,2
8470,1
8469,2
8468,2
8467,1
8466,2
8465,1
8464,2
8463,2
8462,2
8461,2
8460,2
8459,2
8458,2
8457,2
8456,2
8455,2
8454,2
8453,2
8452,0
8451,2
8450,1
8449,2
8448,0
8447,1
8446,2
8445,1
8444,1
8443,2
8442,2
8441,1
8440,2
8439,2
8438,1
8437,2
8436,2
8435,1
8434,2
8433,2
8432,2
8431,2
8430,2
8429,1
8428,2
8427,1
8426,2
8425,1
8424,1
8423,2
8422,0
8421,0
8420,2
8419,2
8418,0
8417,2
8416,1
8415,2
8414,1
8413,0
8412,1
8411,2
8410,2
8409,2
8408,1
8407,2
8406,1
8405,2
8404,2
8403,2
8402,2
8401,2
8400,2
8399,1
8398,2
8397,2
8396,0
8395,2
8394,2
8393,2
8392,2
8391,2
8390,1
8389,2
8388,2
8387,1
8386,2
8385,1
8384,0
8383,2
8382,1
8381,2
8380,2
8379,2
8378,2
8377,0
8376,0
8375,2
8374,2
8373,2
8372,2
8371,2
8370,2
8369,2
8368,1
8367,1
8366,1
8365,2
8364,1
8363,2
8362,2
8361,2
8360,1
8359,2
8358,2
8357,1
8356,0
8355,2
8354,2
8353,1
8352,2
8351,2
8350,2
8349,2
8348,2
8347,2
8346,2
8345,0
8344,2
8343,0
8342,2
8341,1
8340,2
8339,2
8338,2
8337,1
8336,2
8335,1
8334,2
8333,1
8332,2
8331,2
8330,2
8329,2
8328,1
8327,1
8326,2
8325,2
8324,2
8323,0
8322,1
8321,1
8320,0
8319,2
8318,2
8317,1
8316,2
8315,1
8314,0
8313,2
8312,2
8311,2
8310,1
8309,0
8308,2
8307,2
8306,2
8305,2
8304,2
8303,1
8302,2
8301,1
8300,2
8299,2
8298,0
8297,2
8296,0
8295,2
8294,2
8293,2
8292,2
8291,2
8290,2
8289,1
8288,2
8287,2
8286,1
8285,1
8284,0
8283,2
8282,2
8281,1
8280,2
8279,2
8278,2
8277,2
8276,2
8275,2
8274,2
8273,2
8272,1
8271,2
8270,1
8269,2
8268,2
8267,1
8266,2
8265,2
8264,1
8263,2
8262,2
8261,2
8260,2
8259,0
8258,2
8257,2
8256,1
8255,1
8254,2
8253,1
8252,2
8251,0
8250,2
8249,2
8248,2
8247,2
8246,2
8245,2
8244,2
8243,2
8242,2
8241,1
8240,0
8239,2
8238,2
8237,2
8236,1
8235,2
8234,2
8233,0
8232,1
8231,0
8230,0
8229,2
8228,2
8227,1
8226,1
8225,2
8224,0
8223,2
8222,1
8221,1
8220,2
8219,2
8218,2
8217,1
8216,2
8215,1
8214,2
8213,1
8212,1
8211,0
8210,0
8209,2
8208,0
8207,2
8206,2
8205,1
8204,2
8203,0
8202,2
8201,2
8200,2
8199,2
8198,2
8197,2
8196,1
8195,2
8194,1
8193,2
8192,2
8191,1
8190,2
8189,0
8188,1
8187,0
8186,1
8185,2
8184,2
8183,2
8182,0
8181,2
8180,2
8179,2
8178,1
8177,1
8176,2
8175,2
8174,2
8173,2
8172,2
8171,1
8170,1
8169,2
8168,2
8167,2
8166,2
8165,2
8164,0
8163,2
8162,1
8161,2
8160,0
8159,2
8158,1
8157,2
8156,2
8155,2
8154,2
8153,2
8152,2
8151,1
8150,2
8149,0
8148,2
8147,2
8146,2
8145,2
8144,1
8143,2
8142,2
8141,2
8140,2
8139,1
8138,2
8137,1
8136,2
8135,2
8134,2
8133,2
8132,2
8131,2
8130,2
8129,1
8128,2
8127,1
8126,2
8125,2
8124,2
8123,1
8122,0
8121,2
8120,2
8119,2
8118,2
8117,2
8116,2
8115,2
8114,2
8113,2
8112,2
8111,2
8110,0
8109,2
8108,2
8107,2
8106,1
8105,2
8104,2
8103,2
8102,0
8101,2
8100,2
8099,2
8098,0
8097,2
8096,1
8095,2
8094,0
8093,2
8092,1
8091,2
8090,2
8089,2
8088,2
8087,2
8086,1
8085,2
8084,2
8083,2
8082,2
8081,2
8080,0
8079,2
8078,1
8077,2
8076,2
8075,1
8074,0
8073,1
8072,2
8071,2
8070,1
8069,0
8068,1
8067,2
8066,1
8065,2
8064,0
8063,2
8062,2
8061,0
8060,2
8059,0
8058,0
8057,0
8056,1
8055,2
8054,2
8053,2
8052,1
8051,1
8050,2
8049,2
8048,0
8047,2
8046,0
8045,1
8044,0
8043,1
8042,1
8041,1
8040,0
8039,0
8038,1
8037,0
8036,0
8035,2
8034,2
8033,2
8032,2
8031,1
8030,2
8029,2
8028,2
8027,1
8026,2
8025,2
8024,2
8023,2
8022,2
8021,2
8020,1
8019,2
8018,2
8017,2
8016,2
8015,2
8014,2
8013,2
8012,2
8011,2
8010,0
8009,2
8008,2
8007,2
8006,2
8005,2
8004,2
8003,2
8002,2
8001,2
8000,2
7999,2
7998,1
7997,2
7996,2
7995,1
7994,2
7993,2
7992,2
7991,1
7990,1
7989,1
7988,2
7987,2
7986,0
7985,0
7984,2
7983,2
7982,1
7981,1
7980,2
7979,2
7978,1
7977,2
7976,2
7975,2
7974,2
7973,2
7972,1
7971,0
7970,2
7969,2
7968,1
7967,0
7966,2
7965,2
7964,2
7963,2
7962,2
7961,2
7960,2
7959,1
7958,2
7957,1
7956,1
7955,2
7954,2
7953,2
7952,1
7951,2
7950,1
7949,2
7948,2
7947,2
7946,2
7945,0
7944,0
7943,2
7942,0
7941,2
7940,1
7939,2
7938,1
7937,2
7936,1
7935,2
7934,1
7933,2
7932,2
7931,2
7930,1
7929,1
7928,2
7927,2
7926,1
7925,2
7924,2
7923,2
7922,1
7921,2
7920,1
7919,2
7918,0
7917,0
7916,2
7915,1
7914,0
7913,2
7912,1
7911,2
7910,0
7909,2
7908,1
7907,1
7906,2
7905,0
7904,0
7903,2
7902,1
7901,1
7900,2
7899,2
7898,0
7897,0
7896,1
7895,2
7894,2
7893,2
7892,1
7891,2
7890,2
7889,2
7888,1
7887,2
7886,2
7885,0
7884,1
7883,2
7882,2
7881,2
7880,2
7879,2
7878,1
7877,2
7876,2
7875,1
7874,1
7873,2
7872,2
7871,1
7870,2
7869,2
7868,2
7867,1
7866,2
7865,0
7864,1
7863,2
7862,2
7861,2
7860,1
7859,2
7858,2
7857,1
7856,2
7855,1
7854,1
7853,1
7852,2
7851,0
7850,1
7849,2
7848,1
7847,2
7846,2
7845,2
7844,2
7843,2
7842,2
7841,2
7840,1
7839,2
7838,2
7837,1
7836,2
7835,2
7834,2
7833,2
7832,1
7831,2
7830,2
7829,1
7828,0
7827,1
7826,2
7825,0
7824,2
7823,2
7822,2
7821,2
7820,2
7819,2
7818,2
7817,1
7816,2
7815,0
7814,2
7813,1
7812,2
7811,0
7810,2
7809,2
7808,1
7807,2
7806,2
7805,2
7804,0
7803,2
7802,1
7801,2
7800,1
7799,2
7798,2
7797,2
7796,2
7795,1
7794,1
7793,2
7792,0
7791,2
7790,1
7789,2
7788,0
7787,2
7786,0
7785,2
7784,2
7783,1
7782,2
7781,2
7780,2
7779,2
7778,1
7777,1
7776,1
7775,2
7774,2
7773,2
7772,2
7771,2
7770,2
7769,1
7768,0
7767,1
7766,2
7765,1
7764,1
7763,2
7762,2
7761,2
7760,0
7759,2
7758,2
7757,2
7756,2
7755,2
7754,2
7753,2
7752,2
7751,2
7750,1
7749,2
7748,2
7747,0
7746,2
7745,1
7744,2
7743,2
7742,0
7741,0
7740,2
7739,1
7738,2
7737,1
7736,2
7735,2
7734,0
7733,1
7732,2
7731,0
7730,2
7729,2
7728,0
7727,0
7726,1
7725,0
7724,2
7723,0
7722,2
7721,1
7720,2
7719,1
7718,2
7717,0
7716,1
7715,1
7714,1
7713,2
7712,0
7711,0
7710,1
7709,2
7708,2
7707,2
7706,2
7705,1
7704,2
7703,2
7702,2
7701,0
7700,0
7699,2
7698,0
7697,2
7696,2
7695,2
7694,2
7693,2
7692,1
7691,2
7690,2
7689,0
7688,2
7687,2
7686,2
7685,1
7684,2
7683,1
7682,2
7681,2
7680,1
7679,2
7678,0
7677,2
7676,2
7675,1
7674,0
7673,2
7672,2
7671,1
7670,0
7669,2
7668,2
7667,1
7666,1
7665,2
7664,0
7663,2
7662,1
7661,2
7660,2
7659,2
7658,1
7657,1
7656,1
7655,1
7654,2
7653,2
7652,2
7651,2
7650,2
7649,1
7648,0
7647,2
7646,1
7645,2
7644,1
7643,2
7642,0
7641,0
7640,1
7639,1
7638,2
7637,0
7636,0
7635,0
7634,2
7633,0
7632,2
7631,2
7630,2
7629,2
7628,2
7627,2
7626,2
7625,2
7624,2
7623,1
7622,1
7621,2
7620,2
7619,1
7618,2
7617,2
7616,2
7615,1
7614,2
7613,1
7612,2
7611,2
7610,2
7609,2
7608,1
7607,2
7606,1
7605,2
7604,2
7603,2
7602,2
7601,2
7600,1
7599,1
7598,1
7597,2
7596,2
7595,1
7594,1
7593,2
7592,2
7591,1
7590,1
7589,2
7588,0
7587,0
7586,1
7585,0
7584,2
7583,1
7582,2
7581,1
7580,2
7579,0
7578,2
7577,1
7576,2
7575,2
7574,1
7573,2
7572,2
7571,1
7570,1
7569,2
7568,2
7567,2
7566,0
7565,0
7564,2
7563,0
7562,2
7561,1
7560,1
7559,2
7558,1
7557,2
7556,2
7555,1
7554,2
7553,2
7552,2
7551,2
7550,2
7549,0
7548,2
7547,2
7546,2
7545,0
7544,2
7543,1
7542,2
7541,2
7540,2
7539,2
7538,1
7537,2
7536,2
7535,0
7534,0
7533,2
7532,2
7531,2
7530,2
7529,2
7528,2
7527,1
7526,2
7525,2
7524,2
7523,2
7522,1
7521,2
7520,0
7519,0
7518,1
7517,2
7516,2
7515,1
7514,0
7513,2
7512,0
7511,2
7510,2
7509,0
7508,2
7507,2
7506,1
7505,2
7504,2
7503,1
7502,2
7501,2
7500,2
7499,1
7498,1
7497,2
7496,2
7495,1
7494,2
7493,2
7492,2
7491,2
7490,2
7489,2
7488,2
7487,0
7486,1
7485,2
7484,0
7483,2
7482,2
7481,1
7480,2
7479,2
7478,1
7477,2
7476,1
7475,1
7474,2
7473,2
7472,2
7471,2
7470,2
7469,2
7468,2
7467,2
7466,2
7465,1
7464,0
7463,2
7462,1
7461,1
7460,2
7459,0
7458,2
7457,0
7456,2
7455,1
7454,1
7453,2
7452,2
7451,0
7450,2
7449,1
7448,1
7447,0
7446,1
7445,2
7444,0
7443,2
7442,1
7441,2
7440,1
7439,1
7438,2
7437,2
7436,2
7435,2
7434,2
7433,2
7432,2
7431,0
7430,2
7429,1
7428,2
7427,0
7426,2
7425,1
7424,2
7423,1
7422,1
7421,1
7420,0
7419,2
7418,1
7417,1
7416,1
7415,0
7414,2
7413,2
7412,0
7411,1
7410,1
7409,1
7408,1
7407,2
7406,2
7405,2
7404,0
7403,2
7402,2
7401,2
7400,2
7399,2
7398,2
7397,0
7396,1
7395,2
7394,2
7393,2
7392,2
7391,2
7390,1
7389,2
7388,1
7387,2
7386,2
7385,2
7384,0
7383,2
7382,0
7381,2
7380,2
7379,1
7378,1
7377,2
7376,1
7375,2
7374,2
7373,2
7372,2
7371,2
7370,2
7369,2
7368,1
7367,2
7366,1
7365,1
7364,2
7363,2
7362,2
7361,0
7360,0
7359,2
7358,2
7357,2
7356,1
7355,2
7354,1
7353,2
7352,1
7351,2
7350,1
7349,2
7348,2
7347,1
7346,1
7345,2
7344,1
7343,1
7342,2
7341,2
7340,2
7339,1
7338,0
7337,0
7336,2
7335,1
7334,2
7333,2
7332,2
7331,1
7330,2
7329,2
7328,1
7327,1
7326,2
7325,0
7324,1
7323,0
7322,0
7321,2
7320,2
7319,1
7318,2
7317,2
7316,2
7315,2
7314,2
7313,2
7312,0
7311,2
7310,1
7309,2
7308,1
7307,2
7306,2
7305,2
7304,2
7303,1
7302,2
7301,2
7300,2
7299,2
7298,2
7297,2
7296,1
7295,2
7294,2
7293,2
7292,2
7291,0
7290,2
7289,2
7288,2
7287,2
7286,2
7285,1
7284,2
7283,1
7282,1
7281,1
7280,0
7279,1
7278,2
7277,1
7276,2
7275,1
7274,2
7273,2
7272,2
7271,2
7270,2
7269,1
7268,1
7267,2
7266,1
7265,2
7264,2
7263,2
7262,0
7261,2
7260,2
7259,0
7258,2
7257,2
7256,2
7255,2
7254,2
7253,2
7252,2
7251,1
7250,2
7249,2
7248,2
7247,2
7246,2
7245,0
7244,2
7243,2
7242,1
7241,1
7240,2
7239,1
7238,2
7237,2
7236,0
7235,2
7234,2
7233,1
7232,1
7231,2
7230,2
7229,1
7228,2
7227,2
7226,0
7225,2
7224,1
7223,2
7222,1
7221,1
7220,2
7219,2
7218,2
7217,0
7216,2
7215,1
7214,2
7213,0
7212,0
7211,2
7210,2
7209,2
7208,2
7207,2
7206,0
7205,0
7204,2
7203,1
7202,2
7201,2
7200,2
7199,2
7198,2
7197,1
7196,1
7195,2
7194,0
7193,2
7192,2
7191,2
7190,2
7189,1
7188,1
7187,2
7186,2
7185,1
7184,2
7183,1
7182,2
7181,1
7180,1
7179,1
7178,1
7177,2
7176,0
7175,2
7174,2
7173,0
7172,1
7171,2
7170,2
7169,2
7168,2
7167,1
7166,2
7165,2
7164,2
7163,2
7162,1
7161,2
7160,2
7159,1
7158,2
7157,2
7156,2
7155,2
7154,1
7153,1
7152,2
7151,2
7150,1
7149,2
7148,2
7147,2
7146,0
7145,1
7144,1
7143,2
7142,1
7141,2
7140,0
7139,2
7138,0
7137,2
7136,2
7135,2
7134,1
7133,1
7132,2
7131,0
7130,1
7129,2
7128,2
7127,2
7126,2
7125,2
7124,2
7123,0
7122,1
7121,1
7120,2
7119,2
7118,1
7117,1
7116,1
7115,2
7114,2
7113,2
7112,0
7111,2
7110,2
7109,1
7108,2
7107,1
7106,2
7105,2
7104,0
7103,2
7102,2
7101,2
7100,0
7099,2
7098,2
7097,2
7096,2
7095,2
7094,2
7093,2
7092,2
7091,2
7090,2
7089,1
7088,1
7087,1
7086,1
7085,1
7084,2
7083,2
7082,2
7081,1
7080,2
7079,1
7078,2
7077,2
7076,2
7075,2
7074,1
7073,2
7072,2
7071,2
7070,1
7069,2
7068,1
7067,1
7066,1
7065,2
7064,2
7063,1
7062,2
7061,0
7060,2
7059,1
7058,1
7057,2
7056,2
7055,2
7054,2
7053,1
7052,2
7051,1
7050,1
7049,2
7048,1
7047,1
7046,1
7045,2
7044,2
7043,2
7042,2
7041,2
7040,2
7039,1
7038,2
7037,2
7036,2
7035,2
7034,2
7033,1
7032,1
7031,2
7030,2
7029,2
7028,2
7027,2
7026,2
7025,0
7024,0
7023,1
7022,1
7021,2
7020,1
7019,0
7018,0
7017,0
7016,2
7015,2
7014,0
7013,2
7012,2
7011,2
7010,2
7009,2
7008,0
7007,0
7006,0
7005,2
7004,2
7003,2
7002,2
7001,2
7000,2
6999,2
6998,2
6997,0
6996,2
6995,2
6994,2
6993,2
6992,2
6991,2
6990,0
6989,2
6988,2
6987,1
6986,2
6985,2
6984,1
6983,0
6982,2
6981,2
6980,2
6979,2
6978,0
6977,2
6976,2
6975,2
6974,1
6973,1
6972,2
6971,1
6970,1
6969,2
6968,2
6967,2
6966,1
6965,2
6964,2
6963,2
6962,1
6961,2
6960,1
6959,2
6958,1
6957,1
6956,2
6955,2
6954,2
6953,0
6952,2
6951,1
6950,2
6949,2
6948,2
6947,1
6946,2
6945,2
6944,1
6943,2
6942,2
6941,1
6940,0
6939,2
6938,1
6937,1
6936,1
6935,2
6934,1
6933,1
6932,2
6931,0
6930,2
6929,2
6928,2
6927,2
6926,1
6925,2
6924,1
6923,2
6922,0
6921,2
6920,2
6919,2
6918,1
6917,2
6916,0
6915,2
6914,2
6913,0
6912,1
6911,2
6910,0
6909,2
6908,0
6907,1
6906,2
6905,0
6904,2
6903,2
6902,2
6901,2
6900,2
6899,2
6898,2
6897,2
6896,1
6895,2
6894,1
6893,2
6892,2
6891,2
6890,1
6889,1
6888,2
6887,2
6886,0
6885,1
6884,1
6883,1
6882,2
6881,2
6880,2
6879,2
6878,2
6877,1
6876,2
6875,2
6874,1
6873,2
6872,0
6871,2
6870,0
6869,1
6868,2
6867,1
6866,1
6865,2
6864,0
6863,1
6862,2
6861,2
6860,1
6859,2
6858,2
6857,2
6856,1
6855,1
6854,2
6853,1
6852,2
6851,2
6850,1
6849,1
6848,2
6847,2
6846,2
6845,2
6844,1
6843,1
6842,2
6841,2
6840,2
6839,0
6838,2
6837,1
6836,2
6835,2
6834,2
6833,2
6832,2
6831,1
6830,2
6829,1
6828,2
6827,2
6826,1
6825,2
6824,2
6823,0
6822,1
6821,2
6820,1
6819,2
6818,2
6817,0
6816,2
6815,2
6814,0
6813,0
6812,1
6811,1
6810,1
6809,1
6808,0
6807,2
6806,1
6805,0
6804,1
6803,1
6802,2
6801,2
6800,1
6799,2
6798,2
6797,1
6796,0
6795,1
6794,1
6793,2
6792,2
6791,2
6790,1
6789,1
6788,2
6787,1
6786,0
6785,1
6784,0
6783,2
6782,0
6781,1
6780,2
6779,0
6778,2
6777,1
6776,1
6775,0
6774,2
6773,2
6772,2
6771,2
6770,1
6769,2
6768,0
6767,0
6766,0
6765,2
6764,0
6763,1
6762,2
6761,2
6760,2
6759,2
6758,0
6757,2
6756,2
6755,1
6754,1
6753,1
6752,2
6751,1
6750,2
6749,2
6748,2
6747,2
6746,2
6745,2
6744,2
6743,2
6742,2
6741,2
6740,2
6739,2
6738,2
6737,0
6736,1
6735,1
6734,1
6733,1
6732,2
6731,1
6730,2
6729,0
6728,2
6727,1
6726,2
6725,2
6724,2
6723,2
6722,2
6721,1
6720,2
6719,1
6718,0
6717,2
6716,1
6715,2
6714,2
6713,2
6712,2
6711,1
6710,2
6709,2
6708,0
6707,0
6706,2
6705,2
6704,2
6703,0
6702,2
6701,1
6700,2
6699,0
6698,1
6697,1
6696,2
6695,2
6694,2
6693,2
6692,2
6691,2
6690,1
6689,2
6688,2
6687,1
6686,1
6685,0
6684,2
6683,2
6682,1
6681,1
6680,1
6679,1
6678,2
6677,2
6676,2
6675,2
6674,1
6673,2
6672,1
6671,2
6670,2
6669,2
6668,0
6667,1
6666,2
6665,0
6664,2
6663,1
6662,2
6661,2
6660,0
6659,2
6658,2
6657,2
6656,2
6655,2
6654,2
6653,2
6652,0
6651,2
6650,2
6649,0
6648,2
6647,1
6646,1
6645,2
6644,2
6643,2
6642,1
6641,2
6640,1
6639,2
6638,2
6637,2
6636,2
6635,2
6634,0
6633,2
6632,2
6631,2
6630,2
6629,0
6628,2
6627,1
6626,2
6625,1
6624,2
6623,2
6622,2
6621,0
6620,2
6619,1
6618,1
6617,1
6616,2
6615,1
6614,2
6613,2
6612,2
6611,2
6610,2
6609,2
6608,0
6607,2
6606,2
6605,2
6604,2
6603,2
6602,2
6601,2
6600,0
6599,2
6598,0
6597,1
6596,2
6595,2
6594,2
6593,1
6592,2
6591,2
6590,1
6589,2
6588,2
6587,1
6586,2
6585,2
6584,1
6583,2
6582,2
6581,0
6580,2
6579,0
6578,2
6577,2
6576,2
6575,2
6574,1
6573,1
6572,2
6571,1
6570,2
6569,2
6568,0
6567,2
6566,2
6565,0
6564,2
6563,2
6562,2
6561,1
6560,2
6559,1
6558,2
6557,1
6556,2
6555,0
6554,2
6553,2
6552,2
6551,2
6550,2
6549,2
6548,2
6547,2
6546,2
6545,2
6544,0
6543,0
6542,0
6541,2
6540,1
6539,0
6538,1
6537,2
6536,2
6535,0
6534,2
6533,1
6532,2
6531,1
6530,1
6529,0
6528,2
6527,1
6526,2
6525,0
6524,2
6523,1
6522,2
6521,1
6520,1
6519,2
6518,2
6517,2
6516,2
6515,2
6514,2
6513,2
6512,2
6511,1
6510,2
6509,1
6508,1
6507,2
6506,2
6505,1
6504,1
6503,1
6502,1
6501,1
6500,2
6499,2
6498,2
6497,2
6496,2
6495,2
6494,2
6493,2
6492,2
6491,1
6490,0
6489,0
6488,0
6487,2
6486,2
6485,2
6484,0
6483,2
6482,1
6481,2
6480,1
6479,2
6478,2
6477,2
6476,0
6475,0
6474,2
6473,0
6472,1
6471,2
6470,1
6469,1
6468,1
6467,2
6466,1
6465,2
6464,1
6463,0
6462,1
6461,2
6460,2
6459,1
6458,2
6457,2
6456,2
6455,2
6454,2
6453,2
6452,2
6451,1
6450,2
6449,2
6448,1
6447,1
6446,1
6445,2
6444,2
6443,2
6442,2
6441,1
6440,0
6439,2
6438,2
6437,2
6436,2
6435,0
6434,0
6433,2
6432,2
6431,2
6430,2
6429,2
6428,2
6427,2
6426,2
6425,2
6424,2
6423,1
6422,0
6421,2
6420,1
6419,2
6418,1
6417,2
6416,1
6415,1
6414,1
6413,1
6412,1
6411,2
6410,2
6409,2
6408,2
6407,2
6406,2
6405,2
6404,2
6403,2
6402,1
6401,2
6400,1
6399,0
6398,0
6397,1
6396,2
6395,1
6394,2
6393,2
6392,1
6391,1
6390,1
6389,2
6388,1
6387,1
6386,2
6385,2
6384,2
6383,2
6382,2
6381,2
6380,2
6379,2
6378,0
6377,1
6376,1
6375,2
6374,1
6373,2
6372,2
6371,0
6370,2
6369,0
6368,2
6367,2
6366,2
6365,2
6364,2
6363,2
6362,2
6361,2
6360,2
6359,2
6358,2
6357,0
6356,0
6355,2
6354,2
6353,2
6352,2
6351,1
6350,2
6349,0
6348,0
6347,2
6346,1
6345,0
6344,2
6343,0
6342,0
6341,2
6340,2
6339,2
6338,2
6337,2
6336,1
6335,2
6334,2
6333,0
6332,2
6331,0
6330,2
6329,1
6328,2
6327,1
6326,0
6325,2
6324,2
6323,2
6322,2
6321,1
6320,2
6319,2
6318,2
6317,1
6316,2
6315,2
6314,2
6313,2
6312,0
6311,2
6310,2
6309,2
6308,0
6307,2
6306,2
6305,1
6304,1
6303,2
6302,2
6301,2
6300,2
6299,2
6298,2
6297,2
6296,1
6295,1
6294,1
6293,2
6292,0
6291,1
6290,1
6289,2
6288,1
6287,2
6286,2
6285,2
6284,1
6283,1
6282,1
6281,1
6280,2
6279,2
6278,2
6277,2
6276,2
6275,0
6274,2
6273,2
6272,2
6271,2
6270,1
6269,2
6268,2
6267,2
6266,1
6265,2
6264,0
6263,1
6262,1
6261,2
6260,2
6259,1
6258,2
6257,2
6256,1
6255,2
6254,2
6253,1
6252,2
6251,2
6250,2
6249,2
6248,2
6247,0
6246,2
6245,1
6244,2
6243,2
6242,2
6241,2
6240,1
6239,1
6238,2
6237,1
6236,1
6235,2
6234,1
6233,1
6232,2
6231,2
6230,0
6229,2
6228,2
6227,1
6226,0
6225,2
6224,1
6223,1
6222,0
6221,2
6220,2
6219,1
6218,2
6217,0
6216,2
6215,2
6214,1
6213,1
6212,2
6211,2
6210,2
6209,2
6208,0
6207,2
6206,2
6205,1
6204,2
6203,1
6202,1
6201,2
6200,2
6199,2
6198,2
6197,0
6196,1
6195,2
6194,1
6193,0
6192,0
6191,2
6190,2
6189,2
6188,2
6187,2
6186,2
6185,2
6184,2
6183,1
6182,1
6181,2
6180,2
6179,2
6178,2
6177,2
6176,2
6175,2
6174,2
6173,2
6172,2
6171,0
6170,1
6169,2
6168,2
6167,0
6166,2
6165,2
6164,2
6163,2
6162,2
6161,2
6160,2
6159,2
6158,1
6157,2
6156,0
6155,1
6154,2
6153,1
6152,1
6151,2
6150,2
6149,0
6148,2
6147,2
6146,1
6145,2
6144,2
6143,2
6142,2
6141,2
6140,2
6139,0
6138,2
6137,1
6136,0
6135,0
6134,1
6133,2
6132,2
6131,2
6130,0
6129,1
6128,1
6127,0
6126,2
6125,1
6124,2
6123,2
6122,1
6121,2
6120,2
6119,1
6118,2
6117,2
6116,2
6115,2
6114,2
6113,2
6112,2
6111,1
6110,1
6109,2
6108,2
6107,1
6106,0
6105,1
6104,2
6103,2
6102,2
6101,2
6100,2
6099,2
6098,2
6097,2
6096,2
6095,2
6094,2
6093,2
6092,1
6091,2
6090,1
6089,2
6088,0
6087,0
6086,2
6085,1
6084,2
6083,2
6082,2
6081,0
6080,1
6079,2
6078,1
6077,1
6076,2
6075,2
6074,2
6073,2
6072,1
6071,2
6070,2
6069,0
6068,0
6067,1
6066,1
6065,1
6064,1
6063,1
6062,1
6061,2
6060,2
6059,2
6058,0
6057,2
6056,2
6055,2
6054,2
6053,0
6052,0
6051,1
6050,2
6049,2
6048,2
6047,2
6046,2
6045,2
6044,2
6043,2
6042,1
6041,2
6040,2
6039,2
6038,2
6037,2
6036,2
6035,2
6034,0
6033,0
6032,1
6031,1
6030,0
6029,2
6028,2
6027,2
6026,2
6025,2
6024,2
6023,2
6022,2
6021,1
6020,2
6019,2
6018,1
6017,1
6016,1
6015,2
6014,2
6013,2
6012,2
6011,2
6010,2
6009,2
6008,2
6007,1
6006,2
6005,2
6004,2
6003,2
6002,2
6001,1
6000,1
5999,1
5998,2
5997,2
5996,2
5995,2
5994,2
5993,1
5992,1
5991,1
5990,2
5989,2
5988,2
5987,2
5986,1
5985,2
5984,1
5983,2
5982,0
5981,2
5980,1
5979,2
5978,2
5977,2
5976,0
5975,1
5974,2
5973,2
5972,0
5971,2
5970,1
5969,2
5968,2
5967,1
5966,1
5965,1
5964,1
5963,1
5962,0
5961,2
5960,1
5959,2
5958,0
5957,2
5956,2
5955,2
5954,2
5953,1
5952,2
5951,1
5950,2
5949,1
5948,2
5947,1
5946,2
5945,1
5944,1
5943,2
5942,2
5941,2
5940,2
5939,2
5938,1
5937,2
5936,0
5935,1
5934,2
5933,2
5932,2
5931,1
5930,1
5929,2
5928,2
5927,1
5926,2
5925,2
5924,2
5923,2
5922,2
5921,2
5920,1
5919,1
5918,1
5917,0
5916,2
5915,2
5914,0
5913,1
5912,2
5911,2
5910,2
5909,2
5908,1
5907,0
5906,2
5905,2
5904,0
5903,2
5902,2
5901,1
5900,2
5899,1
5898,2
5897,2
5896,0
5895,2
5894,2
5893,1
5892,2
5891,2
5890,2
5889,1
5888,0
5887,2
5886,2
5885,1
5884,2
5883,1
5882,1
5881,0
5880,1
5879,2
5878,1
5877,2
5876,0
5875,0
5874,1
5873,2
5872,1
5871,2
5870,2
5869,2
5868,2
5867,1
5866,2
5865,2
5864,2
5863,2
5862,0
5861,2
5860,2
5859,2
5858,2
5857,1
5856,2
5855,1
5854,2
5853,1
5852,1
5851,0
5850,2
5849,2
5848,2
5847,2
5846,2
5845,2
5844,2
5843,2
5842,2
5841,2
5840,2
5839,1
5838,2
5837,1
5836,1
5835,2
5834,1
5833,2
5832,2
5831,0
5830,2
5829,0
5828,2
5827,2
5826,2
5825,2
5824,0
5823,1
5822,2
5821,2
5820,1
5819,2
5818,2
5817,2
5816,2
5815,0
5814,2
5813,2
5812,2
5811,1
5810,1
5809,2
5808,2
5807,2
5806,2
5805,2
5804,2
5803,2
5802,0
5801,2
5800,2
5799,1
5798,0
5797,0
5796,2
5795,1
5794,2
5793,2
5792,1
5791,0
5790,1
5789,1
5788,1
5787,1
5786,1
5785,2
5784,2
5783,2
5782,2
5781,2
5780,1
5779,2
5778,2
5777,0
5776,2
5775,2
5774,1
5773,2
5772,2
5771,2
5770,2
5769,2
5768,2
5767,2
5766,2
5765,0
5764,0
5763,1
5762,1
5761,1
5760,2
5759,0
5758,0
5757,2
5756,0
5755,0
5754,2
5753,1
5752,2
5751,1
5750,2
5749,2
5748,0
5747,2
5746,0
5745,1
5744,2
5743,1
5742,0
5741,2
5740,2
5739,1
5738,2
5737,2
5736,0
5735,2
5734,2
5733,2
5732,2
5731,0
5730,2
5729,0
5728,2
5727,2
5726,0
5725,2
5724,0
5723,0
5722,2
5721,0
5720,2
5719,2
5718,2
5717,2
5716,2
5715,2
5714,2
5713,2
5712,2
5711,0
5710,0
5709,2
5708,2
5707,2
5706,2
5705,2
5704,2
5703,2
5702,2
5701,2
5700,2
5699,2
5698,2
5697,1
5696,1
5695,1
5694,1
5693,1
5692,0
5691,0
5690,2
5689,2
5688,2
5687,2
5686,2
5685,2
5684,2
5683,1
5682,2
5681,2
5680,0
5679,1
5678,0
5677,2
5676,1
5675,2
5674,2
5673,2
5672,2
5671,2
5670,1
5669,1
5668,2
5667,0
5666,2
5665,0
5664,2
5663,2
5662,0
5661,0
5660,1
5659,2
5658,2
5657,2
5656,2
5655,2
5654,2
5653,2
5652,0
5651,2
5650,1
5649,2
5648,0
5647,2
5646,2
5645,1
5644,1
5643,2
5642,1
5641,2
5640,0
5639,0
5638,1
5637,1
5636,2
5635,2
5634,0
5633,2
5632,2
5631,0
5630,2
5629,2
5628,1
5627,2
5626,2
5625,2
5624,2
5623,2
5622,1
5621,2
5620,2
5619,2
5618,2
5617,2
5616,1
5615,2
5614,1
5613,2
5612,2
5611,1
5610,2
5609,2
5608,2
5607,2
5606,2
5605,0
5604,2
5603,0
5602,2
5601,2
5600,2
5599,1
5598,2
5597,2
5596,1
5595,2
5594,2
5593,2
5592,1
5591,2
5590,1
5589,2
5588,1
5587,2
5586,1
5585,1
5584,1
5583,2
5582,2
5581,2
5580,1
5579,2
5578,0
5577,1
5576,2
5575,2
5574,2
5573,1
5572,1
5571,2
5570,0
5569,2
5568,2
5567,2
5566,2
5565,1
5564,2
5563,2
5562,2
5561,2
5560,1
5559,2
5558,1
5557,2
5556,1
5555,0
5554,2
5553,2
5552,2
5551,0
5550,2
5549,1
5548,2
5547,2
5546,1
5545,2
5544,2
5543,1
5542,2
5541,2
5540,2
5539,0
5538,0
5537,2
5536,2
5535,1
5534,2
5533,2
5532,2
5531,2
5530,1
5529,2
5528,2
5527,1
5526,2
5525,2
5524,0
5523,2
5522,0
5521,0
5520,0
5519,2
5518,2
5517,1
5516,2
5515,1
5514,1
5513,2
5512,2
5511,2
5510,2
5509,2
5508,2
5507,2
5506,2
5505,2
5504,1
5503,1
5502,2
5501,2
5500,0
5499,0
5498,1
5497,2
5496,2
5495,0
5494,2
5493,1
5492,2
5491,1
5490,1
5489,2
5488,2
5487,2
5486,2
5485,2
5484,2
5483,1
5482,2
5481,2
5480,1
5479,1
5478,2
5477,1
5476,2
5475,2
5474,2
5473,2
5472,2
5471,2
5470,1
5469,1
5468,2
5467,2
5466,2
5465,2
5464,1
5463,1
5462,1
5461,2
5460,2
5459,2
5458,2
5457,0
5456,2
5455,2
5454,2
5453,2
5452,0
5451,2
5450,1
5449,2
5448,2
5447,2
5446,1
5445,1
5444,2
5443,1
5442,2
5441,2
5440,2
5439,1
5438,2
5437,2
5436,2
5435,2
5434,2
5433,2
5432,2
5431,2
5430,2
5429,1
5428,1
5427,2
5426,2
5425,2
5424,2
5423,2
5422,2
5421,0
5420,2
5419,2
5418,1
5417,2
5416,1
5415,2
5414,0
5413,2
5412,2
5411,2
5410,2
5409,2
5408,1
5407,2
5406,2
5405,1
5404,2
5403,2
5402,2
5401,2
5400,2
5399,2
5398,2
5397,1
5396,2
5395,2
5394,2
5393,2
5392,1
5391,2
5390,2
5389,2
5388,0
5387,2
5386,1
5385,2
5384,2
5383,2
5382,1
5381,1
5380,2
5379,1
5378,1
5377,1
5376,2
5375,2
5374,2
5373,2
5372,1
5371,2
5370,1
5369,2
5368,2
5367,1
5366,0
5365,2
5364,2
5363,2
5362,1
5361,0
5360,1
5359,2
5358,2
5357,2
5356,1
5355,2
5354,1
5353,2
5352,2
5351,0
5350,0
5349,2
5348,2
5347,0
5346,1
5345,2
5344,2
5343,2
5342,2
5341,1
5340,2
5339,2
5338,1
5337,2
5336,2
5335,2
5334,2
5333,2
5332,2
5331,1
5330,1
5329,2
5328,2
5327,2
5326,2
5325,2
5324,0
5323,2
5322,2
5321,1
5320,1
5319,2
5318,2
5317,2
5316,2
5315,1
5314,2
5313,2
5312,1
5311,2
5310,0
5309,1
5308,0
5307,2
5306,2
5305,2
5304,2
5303,2
5302,2
5301,2
5300,2
5299,2
5298,0
5297,2
5296,0
5295,2
5294,2
5293,1
5292,2
5291,2
5290,2
5289,2
5288,1
5287,0
5286,2
5285,2
5284,1
5283,2
5282,2
5281,1
5280,0
5279,2
5278,2
5277,2
5276,2
5275,1
5274,2
5273,2
5272,2
5271,2
5270,2
5269,2
5268,2
5267,2
5266,2
5265,2
5264,2
5263,0
5262,2
5261,0
5260,2
5259,0
5258,2
5257,2
5256,1
5255,2
5254,0
5253,1
5252,2
5251,0
5250,2
5249,0
5248,1
5247,2
5246,2
5245,0
5244,2
5243,1
5242,2
5241,2
5240,2
5239,2
5238,1
5237,1
5236,1
5235,2
5234,2
5233,2
5232,1
5231,2
5230,2
5229,2
5228,2
5227,1
5226,1
5225,2
5224,2
5223,1
5222,2
5221,2
5220,2
5219,2
5218,2
5217,2
5216,0
5215,2
5214,2
5213,2
5212,1
5211,2
5210,2
5209,2
5208,1
5207,2
5206,1
5205,1
5204,1
5203,1
5202,1
5201,2
5200,2
5199,0
5198,2
5197,1
5196,0
5195,2
5194,2
5193,0
5192,1
5191,2
5190,2
5189,2
5188,2
5187,1
5186,2
5185,1
5184,1
5183,2
5182,0
5181,2
5180,1
5179,1
5178,1
5177,0
5176,2
5175,2
5174,1
5173,1
5172,0
5171,1
5170,2
5169,2
5168,2
5167,1
5166,2
5165,2
5164,1
5163,2
5162,2
5161,2
5160,0
5159,1
5158,1
5157,0
5156,0
5155,2
5154,0
5153,2
5152,2
5151,2
5150,1
5149,2
5148,1
5147,0
5146,2
5145,1
5144,2
5143,2
5142,0
5141,2
5140,2
5139,0
5138,1
5137,2
5136,1
5135,1
5134,2
5133,2
5132,2
5131,1
5130,2
5129,2
5128,1
5127,2
5126,2
5125,2
5124,2
5123,2
5122,2
5121,2
5120,2
5119,2
5118,2
5117,2
5116,0
5115,1
5114,1
5113,2
5112,2
5111,2
5110,1
5109,2
5108,1
5107,1
5106,2
5105,2
5104,2
5103,2
5102,2
5101,1
5100,2
5099,1
5098,2
5097,1
5096,1
5095,2
5094,2
5093,0
5092,0
5091,2
5090,2
5089,1
5088,1
5087,2
5086,2
5085,0
5084,2
5083,2
5082,2
5081,2
5080,2
5079,2
5078,0
5077,1
5076,2
5075,2
5074,0
5073,2
5072,2
5071,2
5070,1
5069,2
5068,2
5067,1
5066,2
5065,2
5064,2
5063,0
5062,1
5061,2
5060,2
5059,0
5058,2
5057,1
5056,2
5055,1
5054,1
5053,2
5052,2
5051,1
5050,2
5049,2
5048,1
5047,2
5046,2
5045,2
5044,2
5043,2
5042,2
5041,2
5040,2
5039,2
5038,2
5037,2
5036,2
5035,2
5034,1
5033,1
5032,2
5031,2
5030,2
5029,2
5028,2
5027,2
5026,2
5025,2
5024,2
5023,1
5022,2
5021,2
5020,0
5019,2
5018,2
5017,2
5016,2
5015,1
5014,2
5013,2
5012,1
5011,0
5010,1
5009,1
5008,2
5007,1
5006,2
5005,1
5004,1
5003,0
5002,2
5001,2
5000,1
4999,1
4998,2
4997,1
4996,1
4995,2
4994,2
4993,2
4992,1
4991,0
4990,2
4989,2
4988,2
4987,2
4986,2
4985,1
4984,0
4983,1
4982,1
4981,1
4980,1
4979,2
4978,2
4977,2
4976,2
4975,2
4974,2
4973,2
4972,2
4971,2
4970,2
4969,2
4968,1
4967,2
4966,0
4965,1
4964,2
4963,2
4962,2
4961,1
4960,2
4959,2
4958,2
4957,0
4956,1
4955,1
4954,2
4953,1
4952,1
4951,2
4950,2
4949,1
4948,1
4947,2
4946,2
4945,2
4944,0
4943,2
4942,1
4941,2
4940,1
4939,2
4938,1
4937,2
4936,2
4935,1
4934,0
4933,0
4932,0
4931,0
4930,2
4929,0
4928,2
4927,2
4926,0
4925,2
4924,2
4923,2
4922,2
4921,1
4920,2
4919,2
4918,2
4917,2
4916,1
4915,1
4914,2
4913,1
4912,0
4911,0
4910,0
4909,2
4908,2
4907,2
4906,1
4905,1
4904,2
4903,1
4902,2
4901,2
4900,2
4899,2
4898,1
4897,2
4896,2
4895,1
4894,2
4893,2
4892,2
4891,2
4890,2
4889,2
4888,2
4887,2
4886,2
4885,0
4884,2
4883,1
4882,0
4881,1
4880,2
4879,1
4878,0
4877,0
4876,2
4875,0
4874,2
4873,1
4872,2
4871,1
4870,2
4869,2
4868,2
4867,2
4866,1
4865,2
4864,2
4863,2
4862,2
4861,2
4860,2
4859,2
4858,1
4857,2
4856,2
4855,2
4854,2
4853,0
4852,2
4851,2
4850,2
4849,2
4848,2
4847,2
4846,2
4845,2
4844,0
4843,2
4842,2
4841,2
4840,2
4839,1
4838,1
4837,2
4836,2
4835,1
4834,2
4833,2
4832,2
4831,0
4830,2
4829,1
4828,2
4827,2
4826,2
4825,2
4824,2
4823,2
4822,1
4821,2
4820,2
4819,2
4818,2
4817,2
4816,2
4815,2
4814,2
4813,1
4812,2
4811,2
4810,2
4809,2
4808,2
4807,0
4806,2
4805,2
4804,2
4803,2
4802,2
4801,2
4800,2
4799,1
4798,1
4797,2
4796,2
4795,2
4794,2
4793,2
4792,1
4791,2
4790,0
4789,2
4788,2
4787,0
4786,2
4785,2
4784,1
4783,1
4782,2
4781,2
4780,1
4779,2
4778,2
4777,2
4776,2
4775,2
4774,2
4773,2
4772,2
4771,1
4770,1
4769,1
4768,0
4767,2
4766,1
4765,1
4764,2
4763,2
4762,2
4761,1
4760,2
4759,2
4758,2
4757,2
4756,2
4755,2
4754,0
4753,2
4752,1
4751,2
4750,2
4749,1
4748,2
4747,2
4746,0
4745,2
4744,2
4743,2
4742,1
4741,2
4740,1
4739,2
4738,0
4737,2
4736,2
4735,2
4734,2
4733,2
4732,2
4731,2
4730,2
4729,2
4728,2
4727,2
4726,2
4725,2
4724,1
4723,2
4722,2
4721,2
4720,2
4719,2
4718,2
4717,2
4716,1
4715,1
4714,2
4713,2
4712,1
4711,1
4710,0
4709,2
4708,2
4707,2
4706,2
4705,2
4704,2
4703,2
4702,1
4701,2
4700,2
4699,2
4698,2
4697,1
4696,2
4695,2
4694,2
4693,1
4692,1
4691,2
4690,2
4689,2
4688,2
4687,0
4686,2
4685,2
4684,2
4683,2
4682,1
4681,2
4680,1
4679,1
4678,2
4677,2
4676,1
4675,2
4674,1
4673,2
4672,2
4671,2
4670,2
4669,1
4668,2
4667,2
4666,2
4665,2
4664,1
4663,2
4662,1
4661,2
4660,2
4659,0
4658,2
4657,2
4656,2
4655,2
4654,1
4653,1
4652,2
4651,2
4650,1
4649,1
4648,2
4647,2
4646,2
4645,2
4644,2
4643,1
4642,2
4641,2
4640,1
4639,2
4638,2
4637,2
4636,2
4635,2
4634,1
4633,2
4632,1
4631,2
4630,1
4629,1
4628,2
4627,2
4626,2
4625,1
4624,0
4623,2
4622,1
4621,2
4620,2
4619,1
4618,2
4617,2
4616,2
4615,2
4614,2
4613,0
4612,0
4611,1
4610,1
4609,2
4608,1
4607,2
4606,2
4605,0
4604,0
4603,1
4602,2
4601,2
4600,2
4599,2
4598,2
4597,2
4596,1
4595,2
4594,2
4593,1
4592,2
4591,1
4590,2
4589,1
4588,2
4587,2
4586,2
4585,2
4584,2
4583,1
4582,2
4581,1
4580,2
4579,2
4578,2
4577,2
4576,1
4575,2
4574,2
4573,1
4572,2
4571,2
4570,2
4569,0
4568,2
4567,0
4566,2
4565,2
4564,2
4563,0
4562,2
4561,2
4560,1
4559,1
4558,2
4557,2
4556,2
4555,2
4554,0
4553,2
4552,2
4551,1
4550,1
4549,2
4548,2
4547,2
4546,2
4545,1
4544,1
4543,2
4542,2
4541,2
4540,2
4539,2
4538,2
4537,2
4536,1
4535,2
4534,2
4533,2
4532,0
4531,2
4530,2
4529,0
4528,2
4527,2
4526,2
4525,2
4524,0
4523,2
4522,2
4521,2
4520,0
4519,1
4518,2
4517,0
4516,2
4515,2
4514,2
4513,2
4512,2
4511,2
4510,2
4509,2
4508,2
4507,0
4506,2
4505,2
4504,1
4503,2
4502,1
4501,2
4500,2
4499,2
4498,1
4497,0
4496,2
4495,2
4494,2
4493,2
4492,2
4491,2
4490,1
4489,1
4488,2
4487,2
4486,2
4485,2
4484,0
4483,2
4482,1
4481,1
4480,0
4479,2
4478,2
4477,0
4476,1
4475,2
4474,2
4473,2
4472,0
4471,2
4470,1
4469,2
4468,2
4467,2
4466,2
4465,2
4464,2
4463,1
4462,2
4461,2
4460,2
4459,2
4458,2
4457,1
4456,2
4455,2
4454,1
4453,2
4452,2
4451,1
4450,1
4449,1
4448,2
4447,2
4446,2
4445,1
4444,2
4443,1
4442,1
4441,1
4440,2
4439,2
4438,1
4437,0
4436,2
4435,1
4434,0
4433,2
4432,2
4431,2
4430,2
4429,2
4428,2
4427,1
4426,2
4425,2
4424,1
4423,1
4422,0
4421,1
4420,2
4419,2
4418,1
4417,2
4416,1
4415,1
4414,2
4413,2
4412,1
4411,1
4410,1
4409,2
4408,2
4407,2
4406,2
4405,2
4404,2
4403,0
4402,1
4401,1
4400,2
4399,2
4398,2
4397,2
4396,2
4395,0
4394,1
4393,2
4392,1
4391,2
4390,0
4389,2
4388,2
4387,1
4386,2
4385,2
4384,0
4383,0
4382,1
4381,0
4380,0
4379,2
4378,2
4377,2
4376,2
4375,2
4374,2
4373,1
4372,0
4371,2
4370,1
4369,0
4368,2
4367,2
4366,2
4365,2
4364,2
4363,2
4362,1
4361,1
4360,2
4359,2
4358,2
4357,2
4356,2
4355,2
4354,2
4353,1
4352,0
4351,2
4350,0
4349,0
4348,0
4347,2
4346,2
4345,2
4344,1
4343,2
4342,2
4341,0
4340,1
4339,1
4338,2
4337,0
4336,1
4335,2
4334,2
4333,2
4332,2
4331,2
4330,2
4329,2
4328,1
4327,2
4326,2
4325,2
4324,2
4323,2
4322,1
4321,2
4320,0
4319,2
4318,2
4317,1
4316,2
4315,2
4314,2
4313,2
4312,2
4311,1
4310,2
4309,2
4308,1
4307,2
4306,2
4305,2
4304,2
4303,2
4302,2
4301,2
4300,2
4299,2
4298,2
4297,2
4296,2
4295,2
4294,0
4293,1
4292,2
4291,2
4290,1
4289,0
4288,2
4287,0
4286,2
4285,2
4284,1
4283,2
4282,2
4281,1
4280,0
4279,2
4278,2
4277,1
4276,2
4275,2
4274,2
4273,2
4272,1
4271,2
4270,2
4269,2
4268,1
4267,2
4266,1
4265,2
4264,2
4263,2
4262,2
4261,2
4260,1
4259,2
4258,1
4257,1
4256,1
4255,2
4254,2
4253,2
4252,2
4251,2
4250,2
4249,2
4248,2
4247,2
4246,2
4245,2
4244,2
4243,2
4242,2
4241,1
4240,2
4239,2
4238,0
4237,2
4236,1
4235,2
4234,2
4233,2
4232,1
4231,1
4230,2
4229,2
4228,1
4227,2
4226,2
4225,2
4224,0
4223,1
4222,0
4221,2
4220,1
4219,1
4218,2
4217,0
4216,1
4215,2
4214,1
4213,0
4212,2
4211,2
4210,2
4209,2
4208,0
4207,0
4206,1
4205,2
4204,2
4203,2
4202,2
4201,1
4200,2
4199,2
4198,2
4197,0
4196,2
4195,2
4194,1
4193,2
4192,2
4191,2
4190,2
4189,2
4188,2
4187,2
4186,1
4185,2
4184,2
4183,2
4182,2
4181,2
4180,0
4179,2
4178,1
4177,2
4176,2
4175,0
4174,2
4173,2
4172,0
4171,0
4170,2
4169,2
4168,2
4167,2
4166,2
4165,0
4164,2
4163,2
4162,2
4161,1
4160,2
4159,2
4158,2
4157,2
4156,2
4155,2
4154,2
4153,2
4152,2
4151,2
4150,2
4149,2
4148,2
4147,2
4146,1
4145,1
4144,2
4143,1
4142,2
4141,2
4140,2
4139,2
4138,1
4137,2
4136,2
4135,2
4134,2
4133,2
4132,2
4131,2
4130,2
4129,2
4128,2
4127,0
4126,0
4125,1
4124,2
4123,1
4122,2
4121,2
4120,0
4119,2
4118,2
4117,1
4116,1
4115,2
4114,2
4113,2
4112,2
4111,1
4110,2
4109,1
4108,2
4107,2
4106,2
4105,2
4104,2
4103,1
4102,2
4101,0
4100,2
4099,2
4098,2
4097,0
4096,2
4095,2
4094,1
4093,2
4092,2
4091,1
4090,2
4089,1
4088,1
4087,2
4086,2
4085,2
4084,2
4083,2
4082,2
4081,2
4080,2
4079,1
4078,2
4077,2
4076,0
4075,1
4074,2
4073,2
4072,2
4071,2
4070,1
4069,2
4068,2
4067,2
4066,2
4065,2
4064,2
4063,2
4062,2
4061,1
4060,2
4059,2
4058,2
4057,1
4056,2
4055,2
4054,2
4053,2
4052,0
4051,0
4050,1
4049,2
4048,2
4047,2
4046,2
4045,0
4044,2
4043,2
4042,2
4041,2
4040,2
4039,1
4038,2
4037,2
4036,2
4035,2
4034,2
4033,2
4032,2
4031,2
4030,0
4029,1
4028,2
4027,2
4026,2
4025,2
4024,1
4023,1
4022,1
4021,2
4020,2
4019,2
4018,2
4017,2
4016,1
4015,1
4014,2
4013,1
4012,2
4011,1
4010,2
4009,1
4008,1
4007,2
4006,2
4005,2
4004,2
4003,1
4002,2
4001,2
4000,2
3999,2
3998,2
3997,2
3996,2
3995,1
3994,1
3993,2
3992,2
3991,1
3990,0
3989,2
3988,2
3987,1
3986,2
3985,1
3984,1
3983,1
3982,1
3981,0
3980,2
3979,1
3978,2
3977,2
3976,1
3975,1
3974,2
3973,2
3972,2
3971,2
3970,1
3969,2
3968,1
3967,2
3966,2
3965,2
3964,1
3963,2
3962,1
3961,0
3960,1
3959,2
3958,1
3957,1
3956,2
3955,2
3954,1
3953,2
3952,1
3951,2
3950,2
3949,2
3948,1
3947,2
3946,1
3945,0
3944,1
3943,1
3942,2
3941,2
3940,0
3939,2
3938,2
3937,2
3936,2
3935,2
3934,0
3933,2
3932,2
3931,1
3930,1
3929,1
3928,1
3927,0
3926,2
3925,0
3924,2
3923,1
3922,0
3921,2
3920,0
3919,0
3918,1
3917,1
3916,0
3915,2
3914,1
3913,2
3912,2
3911,2
3910,2
3909,2
3908,1
3907,2
3906,2
3905,1
3904,2
3903,1
3902,2
3901,2
3900,0
3899,2
3898,1
3897,2
3896,1
3895,2
3894,2
3893,2
3892,2
3891,1
3890,2
3889,2
3888,2
3887,1
3886,0
3885,2
3884,1
3883,1
3882,2
3881,2
3880,2
3879,2
3878,2
3877,0
3876,1
3875,2
3874,2
3873,1
3872,1
3871,0
3870,2
3869,2
3868,2
3867,2
3866,2
3865,2
3864,1
3863,1
3862,2
3861,1
3860,1
3859,2
3858,2
3857,2
3856,0
3855,2
3854,2
3853,0
3852,2
3851,1
3850,2
3849,2
3848,2
3847,1
3846,2
3845,2
3844,1
3843,2
3842,0
3841,2
3840,2
3839,2
3838,2
3837,2
3836,2
3835,2
3834,2
3833,0
3832,2
3831,1
3830,1
3829,2
3828,1
3827,0
3826,2
3825,2
3824,0
3823,2
3822,2
3821,2
3820,2
3819,2
3818,2
3817,0
3816,2
3815,1
3814,2
3813,1
3812,2
3811,2
3810,2
3809,2
3808,0
3807,2
3806,2
3805,2
3804,1
3803,2
3802,2
3801,1
3800,2
3799,2
3798,1
3797,2
3796,2
3795,2
3794,2
3793,2
3792,1
3791,2
3790,2
3789,2
3788,1
3787,1
3786,0
3785,2
3784,0
3783,0
3782,2
3781,1
3780,2
3779,1
3778,1
3777,1
3776,2
3775,1
3774,2
3773,2
3772,2
3771,0
3770,2
3769,2
3768,2
3767,2
3766,2
3765,2
3764,2
3763,2
3762,2
3761,2
3760,1
3759,2
3758,2
3757,2
3756,1
3755,1
3754,1
3753,2
3752,2
3751,2
3750,2
3749,2
3748,2
3747,1
3746,2
3745,2
3744,2
3743,2
3742,2
3741,2
3740,0
3739,2
3738,0
3737,2
3736,2
3735,2
3734,1
3733,1
3732,2
3731,2
3730,1
3729,2
3728,0
3727,2
3726,2
3725,2
3724,2
3723,2
3722,0
3721,0
3720,2
3719,0
3718,1
3717,2
3716,2
3715,2
3714,0
3713,2
3712,2
3711,1
3710,2
3709,0
3708,2
3707,2
3706,2
3705,2
3704,2
3703,2
3702,1
3701,2
3700,2
3699,2
3698,2
3697,2
3696,2
3695,2
3694,2
3693,2
3692,2
3691,2
3690,1
3689,1
3688,2
3687,2
3686,0
3685,2
3684,2
3683,2
3682,1
3681,2
3680,2
3679,2
3678,2
3677,2
3676,1
3675,1
3674,2
3673,0
3672,2
3671,2
3670,1
3669,0
3668,2
3667,2
3666,0
3665,2
3664,2
3663,2
3662,2
3661,1
3660,1
3659,1
3658,2
3657,2
3656,1
3655,2
3654,0
3653,2
3652,2
3651,2
3650,2
3649,2
3648,2
3647,1
3646,2
3645,2
3644,1
3643,0
3642,1
3641,2
3640,2
3639,2
3638,2
3637,2
3636,1
3635,2
3634,2
3633,2
3632,1
3631,2
3630,1
3629,2
3628,2
3627,2
3626,1
3625,1
3624,1
3623,2
3622,2
3621,2
3620,0
3619,2
3618,1
3617,2
3616,2
3615,2
3614,2
3613,1
3612,2
3611,2
3610,0
3609,2
3608,2
3607,2
3606,1
3605,0
3604,2
3603,1
3602,2
3601,1
3600,1
3599,1
3598,0
3597,2
3596,2
3595,2
3594,2
3593,0
3592,2
3591,2
3590,2
3589,2
3588,2
3587,2
3586,1
3585,1
3584,1
3583,2
3582,2
3581,2
3580,2
3579,2
3578,2
3577,2
3576,1
3575,2
3574,1
3573,2
3572,2
3571,1
3570,1
3569,2
3568,2
3567,0
3566,1
3565,2
3564,2
3563,2
3562,2
3561,2
3560,2
3559,2
3558,2
3557,2
3556,0
3555,1
3554,2
3553,1
3552,2
3551,2
3550,1
3549,2
3548,1
3547,1
3546,2
3545,2
3544,1
3543,1
3542,0
3541,2
3540,2
3539,2
3538,1
3537,2
3536,2
3535,2
3534,0
3533,2
3532,2
3531,1
3530,0
3529,2
3528,2
3527,2
3526,2
3525,1
3524,2
3523,2
3522,2
3521,2
3520,2
3519,2
3518,2
3517,2
3516,2
3515,1
3514,2
3513,1
3512,1
3511,2
3510,2
3509,1
3508,2
3507,1
3506,2
3505,2
3504,2
3503,1
3502,2
3501,2
3500,2
3499,2
3498,1
3497,2
3496,1
3495,2
3494,1
3493,2
3492,2
3491,1
3490,2
3489,0
3488,2
3487,1
3486,2
3485,2
3484,2
3483,1
3482,2
3481,0
3480,2
3479,2
3478,1
3477,2
3476,2
3475,1
3474,2
3473,1
3472,2
3471,2
3470,2
3469,2
3468,2
3467,2
3466,2
3465,2
3464,2
3463,1
3462,2
3461,2
3460,2
3459,2
3458,2
3457,2
3456,2
3455,2
3454,2
3453,1
3452,1
3451,1
3450,1
3449,0
3448,2
3447,2
3446,2
3445,1
3444,2
3443,1
3442,1
3441,1
3440,1
3439,1
3438,2
3437,0
3436,2
3435,2
3434,2
3433,0
3432,2
3431,2
3430,2
3429,0
3428,1
3427,2
3426,2
3425,2
3424,2
3423,2
3422,1
3421,2
3420,1
3419,1
3418,2
3417,2
3416,2
3415,2
3414,2
3413,2
3412,1
3411,2
3410,2
3409,1
3408,1
3407,2
3406,2
3405,1
3404,2
3403,1
3402,2
3401,2
3400,2
3399,2
3398,2
3397,2
3396,1
3395,2
3394,2
3393,2
3392,2
3391,2
3390,2
3389,0
3388,2
3387,2
3386,1
3385,2
3384,2
3383,0
3382,2
3381,2
3380,2
3379,0
3378,2
3377,2
3376,1
3375,1
3374,0
3373,2
3372,2
3371,0
3370,2
3369,2
3368,1
3367,2
3366,2
3365,2
3364,2
3363,1
3362,2
3361,2
3360,1
3359,1
3358,2
3357,2
3356,1
3355,2
3354,2
3353,0
3352,2
3351,2
3350,2
3349,0
3348,2
3347,1
3346,2
3345,2
3344,2
3343,2
3342,1
3341,2
3340,1
3339,2
3338,2
3337,2
3336,1
3335,2
3334,0
3333,2
3332,2
3331,2
3330,2
3329,2
3328,1
3327,2
3326,2
3325,2
3324,2
3323,1
3322,2
3321,0
3320,1
3319,1
3318,2
3317,1
3316,1
3315,2
3314,2
3313,1
3312,2
3311,2
3310,2
3309,2
3308,1
3307,1
3306,2
3305,1
3304,0
3303,2
3302,1
3301,2
3300,2
3299,0
3298,1
3297,1
3296,2
3295,2
3294,2
3293,1
3292,2
3291,2
3290,2
3289,2
3288,1
3287,2
3286,2
3285,2
3284,2
3283,2
3282,2
3281,2
3280,2
3279,2
3278,0
3277,1
3276,2
3275,1
3274,2
3273,0
3272,0
3271,0
3270,2
3269,2
3268,1
3267,2
3266,1
3265,1
3264,2
3263,2
3262,1
3261,2
3260,2
3259,2
3258,2
3257,2
3256,2
3255,0
3254,2
3253,2
3252,2
3251,2
3250,2
3249,2
3248,2
3247,2
3246,2
3245,2
3244,2
3243,2
3242,2
3241,2
3240,1
3239,1
3238,2
3237,1
3236,2
3235,2
3234,1
3233,2
3232,0
3231,2
3230,2
3229,2
3228,1
3227,2
3226,2
3225,2
3224,2
3223,2
3222,2
3221,2
3220,2
3219,2
3218,2
3217,0
3216,2
3215,2
3214,1
3213,2
3212,2
3211,2
3210,2
3209,2
3208,2
3207,2
3206,2
3205,2
3204,2
3203,1
3202,2
3201,0
3200,2
3199,2
3198,2
3197,2
3196,2
3195,2
3194,0
3193,2
3192,2
3191,0
3190,1
3189,1
3188,2
3187,1
3186,0
3185,1
3184,2
3183,2
3182,1
3181,0
3180,2
3179,1
3178,2
3177,2
3176,1
3175,2
3174,1
3173,2
3172,2
3171,1
3170,1
3169,2
3168,0
3167,2
3166,2
3165,2
3164,2
3163,2
3162,2
3161,1
3160,2
3159,2
3158,2
3157,0
3156,2
3155,0
3154,1
3153,1
3152,1
3151,2
3150,2
3149,1
3148,1
3147,0
3146,1
3145,1
3144,2
3143,2
3142,1
3141,1
3140,1
3139,2
3138,2
3137,2
3136,2
3135,1
3134,1
3133,2
3132,2
3131,2
3130,2
3129,0
3128,1
3127,1
3126,2
3125,2
3124,1
3123,1
3122,2
3121,2
3120,1
3119,2
3118,2
3117,1
3116,1
3115,2
3114,2
3113,2
3112,1
3111,1
3110,0
3109,2
3108,2
3107,2
3106,2
3105,2
3104,2
3103,2
3102,2
3101,2
3100,2
3099,2
3098,1
3097,2
3096,2
3095,2
3094,0
3093,2
3092,2
3091,1
3090,2
3089,1
3088,1
3087,2
3086,2
3085,1
3084,1
3083,2
3082,2
3081,1
3080,2
3079,2
3078,2
3077,1
3076,2
3075,1
3074,2
3073,2
3072,0
3071,2
3070,1
3069,1
3068,0
3067,2
3066,2
3065,1
3064,2
3063,2
3062,2
3061,1
3060,2
3059,2
3058,1
3057,2
3056,2
3055,2
3054,1
3053,2
3052,2
3051,1
3050,2
3049,2
3048,1
3047,1
3046,0
3045,2
3044,1
3043,2
3042,1
3041,2
3040,2
3039,2
3038,2
3037,2
3036,1
3035,2
3034,2
3033,2
3032,2
3031,2
3030,1
3029,0
3028,2
3027,2
3026,2
3025,2
3024,2
3023,2
3022,2
3021,0
3020,2
3019,2
3018,1
3017,1
3016,2
3015,2
3014,0
3013,2
3012,2
3011,2
3010,1
3009,2
3008,2
3007,2
3006,1
3005,1
3004,2
3003,2
3002,2
3001,1
3000,2
2999,2
2998,2
2997,2
2996,1
2995,2
2994,2
2993,2
2992,1
2991,2
2990,2
2989,2
2988,2
2987,2
2986,1
2985,2
2984,0
2983,1
2982,0
2981,1
2980,2
2979,2
2978,2
2977,1
2976,1
2975,2
2974,2
2973,0
2972,2
2971,1
2970,0
2969,1
2968,1
2967,1
2966,0
2965,2
2964,1
2963,2
2962,1
2961,1
2960,2
2959,2
2958,2
2957,2
2956,2
2955,1
2954,2
2953,1
2952,1
2951,2
2950,2
2949,2
2948,2
2947,2
2946,0
2945,1
2944,1
2943,0
2942,1
2941,0
2940,2
2939,1
2938,2
2937,2
2936,1
2935,1
2934,1
2933,0
2932,2
2931,2
2930,0
2929,0
2928,2
2927,2
2926,2
2925,2
2924,0
2923,2
2922,1
2921,2
2920,0
2919,1
2918,2
2917,2
2916,2
2915,2
2914,2
2913,2
2912,2
2911,2
2910,2
2909,2
2908,2
2907,1
2906,1
2905,1
2904,2
2903,1
2902,2
2901,2
2900,2
2899,2
2898,2
2897,1
2896,2
2895,1
2894,1
2893,0
2892,2
2891,0
2890,1
2889,2
2888,2
2887,1
2886,2
2885,2
2884,2
2883,2
2882,2
2881,2
2880,2
2879,2
2878,2
2877,1
2876,1
2875,2
2874,2
2873,0
2872,2
2871,2
2870,2
2869,0
2868,2
2867,1
2866,2
2865,2
2864,1
2863,2
2862,2
2861,2
2860,2
2859,2
2858,2
2857,2
2856,2
2855,0
2854,1
2853,1
2852,2
2851,0
2850,2
2849,2
2848,2
2847,2
2846,2
2845,1
2844,1
2843,0
2842,2
2841,2
2840,2
2839,2
2838,0
2837,2
2836,2
2835,2
2834,1
2833,2
2832,2
2831,2
2830,1
2829,1
2828,1
2827,2
2826,0
2825,2
2824,1
2823,1
2822,0
2821,2
2820,2
2819,1
2818,2
2817,1
2816,2
2815,1
2814,2
2813,1
2812,1
2811,0
2810,1
2809,2
2808,1
2807,1
2806,2
2805,2
2804,1
2803,2
2802,2
2801,2
2800,0
2799,2
2798,2
2797,2
2796,2
2795,1
2794,2
2793,2
2792,1
2791,1
2790,2
2789,2
2788,2
2787,2
2786,2
2785,2
2784,1
2783,2
2782,2
2781,0
2780,1
2779,2
2778,2
2777,2
2776,2
2775,0
2774,0
2773,1
2772,2
2771,2
2770,1
2769,1
2768,2
2767,2
2766,1
2765,2
2764,1
2763,2
2762,1
2761,1
2760,2
2759,1
2758,2
2757,2
2756,2
2755,2
2754,2
2753,0
2752,2
2751,2
2750,0
2749,1
2748,2
2747,2
2746,2
2745,2
2744,2
2743,1
2742,1
2741,1
2740,2
2739,2
2738,0
2737,0
2736,1
2735,2
2734,2
2733,2
2732,2
2731,2
2730,1
2729,2
2728,2
2727,2
2726,2
2725,2
2724,0
2723,2
2722,1
2721,1
2720,0
2719,1
2718,2
2717,2
2716,2
2715,1
2714,2
2713,1
2712,2
2711,2
2710,2
2709,2
2708,2
2707,2
2706,2
2705,1
2704,0
2703,2
2702,2
2701,2
2700,2
2699,2
2698,1
2697,2
2696,2
2695,2
2694,2
2693,2
2692,2
2691,1
2690,0
2689,2
2688,2
2687,2
2686,1
2685,1
2684,2
2683,2
2682,1
2681,1
2680,1
2679,0
2678,2
2677,2
2676,2
2675,2
2674,2
2673,2
2672,2
2671,1
2670,1
2669,1
2668,2
2667,2
2666,2
2665,2
2664,2
2663,0
2662,2
2661,2
2660,2
2659,1
2658,2
2657,1
2656,1
2655,2
2654,2
2653,0
2652,1
2651,1
2650,2
2649,2
2648,1
2647,2
2646,2
2645,2
2644,1
2643,2
2642,1
2641,1
2640,2
2639,2
2638,2
2637,0
2636,1
2635,1
2634,2
2633,2
2632,2
2631,2
2630,2
2629,2
2628,2
2627,2
2626,2
2625,2
2624,1
2623,2
2622,2
2621,2
2620,2
2619,1
2618,2
2617,2
2616,2
2615,1
2614,2
2613,2
2612,2
2611,2
2610,0
2609,2
2608,0
2607,2
2606,2
2605,2
2604,0
2603,1
2602,2
2601,2
2600,2
2599,1
2598,2
2597,2
2596,2
2595,2
2594,2
2593,1
2592,0
2591,2
2590,1
2589,1
2588,2
2587,2
2586,2
2585,2
2584,0
2583,2
2582,1
2581,2
2580,2
2579,2
2578,0
2577,1
2576,2
2575,2
2574,2
2573,2
2572,1
2571,1
2570,0
2569,2
2568,1
2567,1
2566,0
2565,2
2564,2
2563,0
2562,2
2561,1
2560,2
2559,0
2558,2
2557,2
2556,0
2555,2
2554,2
2553,2
2552,2
2551,2
2550,1
2549,1
2548,2
2547,1
2546,2
2545,2
2544,0
2543,2
2542,1
2541,1
2540,2
2539,2
2538,1
2537,2
2536,1
2535,1
2534,0
2533,1
2532,2
2531,2
2530,2
2529,2
2528,2
2527,0
2526,2
2525,2
2524,2
2523,1
2522,1
2521,2
2520,1
2519,1
2518,1
2517,0
2516,2
2515,2
2514,1
2513,2
2512,0
2511,2
2510,2
2509,1
2508,2
2507,2
2506,1
2505,0
2504,0
2503,2
2502,2
2501,1
2500,2
2499,2
2498,0
2497,2
2496,1
2495,2
2494,2
2493,2
2492,1
2491,2
2490,2
2489,1
2488,2
2487,2
2486,2
2485,2
2484,1
2483,2
2482,1
2481,2
2480,2
2479,2
2478,1
2477,0
2476,2
2475,2
2474,1
2473,0
2472,2
2471,1
2470,1
2469,2
2468,2
2467,2
2466,0
2465,2
2464,1
2463,2
2462,1
2461,2
2460,2
2459,2
2458,2
2457,2
2456,2
2455,2
2454,1
2453,2
2452,2
2451,1
2450,2
2449,2
2448,1
2447,2
2446,2
2445,1
2444,2
2443,1
2442,2
2441,1
2440,2
2439,2
2438,0
2437,1
2436,2
2435,2
2434,1
2433,2
2432,2
2431,1
2430,1
2429,2
2428,2
2427,1
2426,1
2425,1
2424,1
2423,2
2422,2
2421,2
2420,1
2419,2
2418,2
2417,2
2416,2
2415,2
2414,2
2413,2
2412,2
2411,2
2410,1
2409,1
2408,2
2407,2
2406,2
2405,2
2404,2
2403,2
2402,1
2401,1
2400,2
2399,1
2398,2
2397,2
2396,2
2395,2
2394,2
2393,2
2392,2
2391,2
2390,2
2389,2
2388,2
2387,1
2386,2
2385,2
2384,2
2383,2
2382,2
2381,0
2380,0
2379,2
2378,2
2377,1
2376,2
2375,0
2374,2
2373,2
2372,2
2371,1
2370,2
2369,1
2368,1
2367,2
2366,2
2365,2
2364,1
2363,1
2362,1
2361,2
2360,2
2359,2
2358,2
2357,2
2356,2
2355,2
2354,2
2353,0
2352,1
2351,2
2350,2
2349,2
2348,2
2347,1
2346,2
2345,2
2344,1
2343,2
2342,1
2341,1
2340,2
2339,2
2338,2
2337,2
2336,2
2335,2
2334,1
2333,2
2332,2
2331,2
2330,2
2329,1
2328,2
2327,1
2326,2
2325,2
2324,2
2323,2
2322,1
2321,2
2320,2
2319,2
2318,2
2317,2
2316,2
2315,2
2314,1
2313,1
2312,2
2311,2
2310,2
2309,2
2308,1
2307,2
2306,2
2305,2
2304,1
2303,2
2302,2
2301,2
2300,2
2299,1
2298,2
2297,2
2296,1
2295,2
2294,2
2293,2
2292,2
2291,2
2290,2
2289,1
2288,2
2287,2
2286,0
2285,1
2284,1
2283,0
2282,0
2281,2
2280,2
2279,1
2278,2
2277,2
2276,2
2275,1
2274,0
2273,0
2272,1
2271,2
2270,1
2269,1
2268,2
2267,2
2266,2
2265,2
2264,2
2263,2
2262,2
2261,1
2260,2
2259,1
2258,2
2257,2
2256,0
2255,1
2254,0
2253,1
2252,2
2251,2
2250,0
2249,1
2248,2
2247,2
2246,2
2245,0
2244,2
2243,2
2242,2
2241,2
2240,2
2239,2
2238,2
2237,2
2236,0
2235,1
2234,2
2233,0
2232,2
2231,2
2230,1
2229,1
2228,1
2227,2
2226,2
2225,2
2224,2
2223,1
2222,1
2221,0
2220,2
2219,2
2218,2
2217,2
2216,2
2215,1
2214,1
2213,0
2212,0
2211,2
2210,2
2209,1
2208,1
2207,0
2206,2
2205,2
2204,1
2203,0
2202,2
2201,2
2200,0
2199,2
2198,1
2197,1
2196,2
2195,2
2194,2
2193,2
2192,2
2191,2
2190,2
2189,2
2188,1
2187,2
2186,0
2185,2
2184,2
2183,1
2182,2
2181,1
2180,1
2179,0
2178,2
2177,0
2176,2
2175,2
2174,0
2173,1
2172,2
2171,0
2170,2
2169,2
2168,2
2167,2
2166,2
2165,2
2164,2
2163,1
2162,1
2161,1
2160,1
2159,1
2158,2
2157,2
2156,2
2155,2
2154,2
2153,2
2152,2
2151,2
2150,1
2149,2
2148,2
2147,1
2146,2
2145,1
2144,2
2143,1
2142,1
2141,2
2140,2
2139,2
2138,2
2137,2
2136,2
2135,0
2134,1
2133,1
2132,2
2131,2
2130,0
2129,2
2128,2
2127,2
2126,0
2125,1
2124,2
2123,1
2122,2
2121,2
2120,2
2119,2
2118,2
2117,0
2116,2
2115,1
2114,0
2113,2
2112,1
2111,1
2110,1
2109,2
2108,1
2107,1
2106,1
2105,2
2104,0
2103,1
2102,0
2101,2
2100,2
2099,1
2098,2
2097,2
2096,2
2095,2
2094,1
2093,1
2092,2
2091,1
2090,2
2089,1
2088,2
2087,2
2086,2
2085,1
2084,2
2083,0
2082,2
2081,1
2080,2
2079,2
2078,2
2077,2
2076,1
2075,2
2074,1
2073,2
2072,0
2071,2
2070,0
2069,1
2068,2
2067,0
2066,2
2065,2
2064,0
2063,1
2062,2
2061,2
2060,2
2059,2
2058,2
2057,0
2056,1
2055,2
2054,1
2053,2
2052,2
2051,1
2050,2
2049,2
2048,2
2047,2
2046,1
2045,2
2044,2
2043,2
2042,1
2041,0
2040,2
2039,1
2038,2
2037,0
2036,2
2035,2
2034,2
2033,2
2032,0
2031,0
2030,1
2029,1
2028,1
2027,2
2026,0
2025,1
2024,1
2023,1
2022,1
2021,0
2020,0
2019,1
2018,2
2017,2
2016,2
2015,2
2014,2
2013,2
2012,2
2011,2
2010,2
2009,2
2008,2
2007,2
2006,2
2005,1
2004,1
2003,1
2002,2
2001,2
2000,2
1999,1
1998,2
1997,2
1996,0
1995,2
1994,1
1993,1
1992,2
1991,2
1990,0
1989,2
1988,2
1987,2
1986,0
1985,2
1984,0
1983,2
1982,1
1981,2
1980,2
1979,1
1978,2
1977,2
1976,2
1975,1
1974,2
1973,2
1972,2
1971,0
1970,1
1969,2
1968,0
1967,2
1966,0
1965,2
1964,2
1963,2
1962,1
1961,2
1960,1
1959,2
1958,1
1957,2
1956,2
1955,0
1954,1
1953,2
1952,2
1951,2
1950,2
1949,1
1948,0
1947,2
1946,2
1945,1
1944,2
1943,1
1942,1
1941,2
1940,0
1939,2
1938,1
1937,0
1936,2
1935,2
1934,2
1933,1
1932,1
1931,2
1930,2
1929,2
1928,2
1927,2
1926,1
1925,2
1924,0
1923,2
1922,1
1921,2
1920,1
1919,1
1918,2
1917,2
1916,2
1915,0
1914,2
1913,2
1912,2
1911,2
1910,0
1909,1
1908,1
1907,2
1906,0
1905,2
1904,2
1903,0
1902,2
1901,2
1900,1
1899,2
1898,0
1897,2
1896,2
1895,2
1894,1
1893,2
1892,2
1891,1
1890,1
1889,0
1888,2
1887,2
1886,0
1885,0
1884,2
1883,2
1882,2
1881,2
1880,2
1879,2
1878,2
1877,2
1876,2
1875,2
1874,2
1873,1
1872,2
1871,1
1870,1
1869,2
1868,1
1867,0
1866,2
1865,2
1864,2
1863,1
1862,2
1861,2
1860,1
1859,2
1858,2
1857,2
1856,2
1855,1
1854,1
1853,0
1852,2
1851,2
1850,1
1849,2
1848,0
1847,2
1846,0
1845,2
1844,1
1843,2
1842,0
1841,1
1840,2
1839,1
1838,2
1837,1
1836,2
1835,1
1834,2
1833,1
1832,2
1831,1
1830,2
1829,2
1828,2
1827,2
1826,2
1825,2
1824,1
1823,2
1822,1
1821,2
1820,2
1819,1
1818,2
1817,0
1816,1
1815,2
1814,1
1813,2
1812,2
1811,2
1810,2
1809,2
1808,2
1807,1
1806,0
1805,2
1804,0
1803,2
1802,2
1801,2
1800,2
1799,1
1798,2
1797,2
1796,2
1795,2
1794,2
1793,2
1792,2
1791,2
1790,2
1789,1
1788,2
1787,2
1786,2
1785,2
1784,2
1783,0
1782,2
1781,2
1780,0
1779,2
1778,2
1777,2
1776,2
1775,2
1774,2
1773,2
1772,2
1771,2
1770,2
1769,2
1768,1
1767,0
1766,2
1765,1
1764,1
1763,2
1762,2
1761,0
1760,0
1759,1
1758,2
1757,2
1756,0
1755,2
1754,2
1753,2
1752,2
1751,2
1750,2
1749,1
1748,1
1747,2
1746,2
1745,2
1744,2
1743,2
1742,2
1741,0
1740,0
1739,2
1738,2
1737,1
1736,2
1735,2
1734,2
1733,1
1732,2
1731,2
1730,1
1729,0
1728,2
1727,2
1726,2
1725,0
1724,2
1723,2
1722,2
1721,2
1720,2
1719,0
1718,2
1717,2
1716,2
1715,2
1714,0
1713,2
1712,0
1711,1
1710,2
1709,2
1708,2
1707,2
1706,1
1705,2
1704,2
1703,1
1702,2
1701,2
1700,2
1699,2
1698,2
1697,2
1696,1
1695,2
1694,0
1693,2
1692,1
1691,2
1690,2
1689,1
1688,1
1687,0
1686,2
1685,2
1684,2
1683,2
1682,2
1681,2
1680,2
1679,2
1678,2
1677,1
1676,1
1675,1
1674,2
1673,1
1672,2
1671,0
1670,2
1669,2
1668,0
1667,0
1666,1
1665,2
1664,2
1663,1
1662,2
1661,1
1660,0
1659,0
1658,2
1657,2
1656,2
1655,2
1654,2
1653,2
1652,1
1651,1
1650,2
1649,2
1648,2
1647,2
1646,2
1645,2
1644,0
1643,1
1642,2
1641,2
1640,1
1639,2
1638,2
1637,1
1636,1
1635,2
1634,2
1633,1
1632,1
1631,2
1630,2
1629,2
1628,0
1627,2
1626,0
1625,2
1624,1
1623,1
1622,2
1621,2
1620,2
1619,2
1618,2
1617,2
1616,1
1615,2
1614,1
1613,1
1612,0
1611,1
1610,1
1609,1
1608,2
1607,2
1606,2
1605,2
1604,1
1603,2
1602,2
1601,2
1600,1
1599,2
1598,0
1597,2
1596,2
1595,1
1594,2
1593,1
1592,2
1591,2
1590,2
1589,2
1588,1
1587,1
1586,2
1585,1
1584,1
1583,2
1582,2
1581,1
1580,2
1579,2
1578,0
1577,2
1576,2
1575,2
1574,0
1573,2
1572,2
1571,1
1570,2
1569,2
1568,1
1567,2
1566,2
1565,2
1564,2
1563,2
1562,1
1561,2
1560,2
1559,2
1558,2
1557,1
1556,2
1555,2
1554,2
1553,1
1552,2
1551,2
1550,2
1549,1
1548,0
1547,0
1546,1
1545,1
1544,1
1543,0
1542,2
1541,1
1540,2
1539,1
1538,2
1537,2
1536,1
1535,0
1534,2
1533,2
1532,2
1531,2
1530,2
1529,0
1528,2
1527,0
1526,2
1525,2
1524,1
1523,2
1522,1
1521,1
1520,2
1519,1
1518,1
1517,2
1516,2
1515,2
1514,2
1513,0
1512,2
1511,2
1510,0
1509,1
1508,1
1507,1
1506,0
1505,2
1504,2
1503,2
1502,2
1501,2
1500,2
1499,2
1498,2
1497,2
1496,0
1495,2
1494,2
1493,2
1492,2
1491,1
1490,1
1489,2
1488,2
1487,1
1486,2
1485,2
1484,2
1483,2
1482,1
1481,2
1480,2
1479,2
1478,2
1477,0
1476,2
1475,2
1474,2
1473,2
1472,2
1471,2
1470,2
1469,2
1468,2
1467,0
1466,2
1465,2
1464,2
1463,0
1462,2
1461,2
1460,2
1459,2
1458,2
1457,2
1456,2
1455,2
1454,1
1453,1
1452,1
1451,1
1450,2
1449,1
1448,1
1447,2
1446,2
1445,1
1444,1
1443,2
1442,2
1441,2
1440,2
1439,0
1438,2
1437,2
1436,2
1435,2
1434,1
1433,2
1432,2
1431,1
1430,2
1429,2
1428,2
1427,1
1426,2
1425,2
1424,1
1423,2
1422,0
1421,2
1420,1
1419,0
1418,2
1417,0
1416,0
1415,2
1414,2
1413,0
1412,2
1411,0
1410,0
1409,1
1408,2
1407,0
1406,2
1405,2
1404,2
1403,1
1402,0
1401,2
1400,1
1399,1
1398,2
1397,2
1396,2
1395,2
1394,1
1393,1
1392,1
1391,2
1390,2
1389,2
1388,1
1387,2
1386,0
1385,2
1384,2
1383,2
1382,2
1381,2
1380,2
1379,0
1378,2
1377,2
1376,2
1375,2
1374,2
1373,2
1372,0
1371,2
1370,2
1369,1
1368,2
1367,2
1366,1
1365,2
1364,1
1363,2
1362,2
1361,0
1360,2
1359,0
1358,2
1357,2
1356,0
1355,2
1354,2
1353,1
1352,1
1351,1
1350,2
1349,1
1348,0
1347,1
1346,2
1345,2
1344,1
1343,1
1342,2
1341,2
1340,1
1339,1
1338,1
1337,1
1336,2
1335,1
1334,1
1333,1
1332,0
1331,2
1330,2
1329,2
1328,2
1327,2
1326,1
1325,1
1324,0
1323,1
1322,2
1321,2
1320,2
1319,2
1318,2
1317,1
1316,1
1315,1
1314,0
1313,2
1312,2
1311,2
1310,1
1309,2
1308,2
1307,2
1306,2
1305,2
1304,1
1303,2
1302,2
1301,0
1300,2
1299,2
1298,0
1297,2
1296,2
1295,2
1294,2
1293,2
1292,2
1291,1
1290,2
1289,0
1288,2
1287,1
1286,0
1285,2
1284,2
1283,2
1282,2
1281,1
1280,1
1279,2
1278,1
1277,2
1276,1
1275,2
1274,2
1273,1
1272,0
1271,1
1270,0
1269,1
1268,2
1267,0
1266,2
1265,1
1264,0
1263,2
1262,2
1261,2
1260,2
1259,1
1258,1
1257,1
1256,2
1255,2
1254,2
1253,0
1252,2
1251,2
1250,0
1249,2
1248,2
1247,2
1246,2
1245,2
1244,0
1243,1
1242,2
1241,2
1240,1
1239,1
1238,1
1237,1
1236,2
1235,2
1234,2
1233,2
1232,0
1231,2
1230,2
1229,2
1228,0
1227,2
1226,2
1225,1
1224,1
1223,2
1222,2
1221,0
1220,2
1219,2
1218,1
1217,1
1216,2
1215,0
1214,2
1213,2
1212,0
1211,2
1210,2
1209,0
1208,0
1207,2
1206,1
1205,1
1204,1
1203,2
1202,0
1201,0
1200,1
1199,2
1198,2
1197,1
1196,2
1195,2
1194,2
1193,2
1192,2
1191,2
1190,2
1189,2
1188,2
1187,1
1186,1
1185,1
1184,2
1183,0
1182,2
1181,1
1180,1
1179,0
1178,2
1177,0
1176,1
1175,2
1174,2
1173,0
1172,2
1171,2
1170,2
1169,0
1168,1
1167,0
1166,1
1165,1
1164,2
1163,2
1162,1
1161,2
1160,1
1159,1
1158,2
1157,1
1156,0
1155,1
1154,1
1153,2
1152,0
1151,1
1150,2
1149,1
1148,2
1147,1
1146,1
1145,2
1144,2
1143,1
1142,1
1141,1
1140,2
1139,2
1138,0
1137,1
1136,2
1135,1
1134,2
1133,0
1132,1
1131,2
1130,1
1129,2
1128,2
1127,2
1126,1
1125,2
1124,2
1123,0
1122,2
1121,1
1120,2
1119,2
1118,0
1117,2
1116,2
1115,2
1114,2
1113,2
1112,1
1111,0
1110,1
1109,0
1108,2
1107,0
1106,2
1105,0
1104,2
1103,2
1102,2
1101,1
1100,2
1099,2
1098,2
1097,2
1096,2
1095,0
1094,0
1093,1
1092,2
1091,1
1090,2
1089,2
1088,0
1087,2
1086,2
1085,2
1084,2
1083,0
1082,2
1081,2
1080,2
1079,2
1078,2
1077,2
1076,0
1075,1
1074,0
1073,2
1072,0
1071,2
1070,2
1069,0
1068,1
1067,1
1066,1
1065,2
1064,1
1063,2
1062,0
1061,1
1060,2
1059,1
1058,1
1057,2
1056,2
1055,1
1054,2
1053,2
1052,2
1051,2
1050,1
1049,2
1048,1
1047,2
1046,0
1045,2
1044,0
1043,2
1042,1
1041,1
1040,1
1039,2
1038,0
1037,1
1036,2
1035,1
1034,1
1033,2
1032,1
1031,2
1030,2
1029,1
1028,2
1027,2
1026,1
1025,0
1024,2
1023,2
1022,0
1021,1
1020,1
1019,2
1018,2
1017,2
1016,2
1015,1
1014,2
1013,1
1012,1
1011,1
1010,1
1009,2
1008,2
1007,2
1006,2
1005,2
1004,2
1003,1
1002,1
1001,2
